"tent","pot","pot_flag","label","height","diameter_mm","shoot_dry_g","root_wet_g","root_sub_wet_g","root_sub_dry_g","nonecm_tips","ecm_tips","nonecm_intersects","ecm_intersects","region","bulk","inoculate","species","root_dry_g","final_mass","root_shoot","grid_area","grid_line_len","total_intersects","root_length","ecm_root_length","ecm_length_pct","total_tips","ecm_colonization","ppfd_red","ppfd_trans","ppfd_prop","ecm_prop","analysed"
"2",541,FALSE,"CBP-P PIRA",124,2.59,0.8839,3.3796,3.1048,0.5899,35,414,705,39,"CB","P","P","PIRA",0.642110937902602,1.5260109379026,0.726452017086325,259.4,132.7,744,2284.503677279,119.752208889625,5.24193548387097,449,92.2048997772828,21.2533399193645,78.7466600806355,0.787466600806355,0.922048997772828,TRUE
"4",542,FALSE,"CBP-P PIRA",110,2.71,0.932,2.1525,1.7076,0.4388,75,214,618,18,"CB","P","P","PIRA",0.55312543921293,1.48512543921293,0.593482230915161,259.4,132.7,636,1952.8821757385,55.27025025675,2.83018867924528,289,74.0484429065744,47.6755858127522,52.3244141872478,0.523244141872478,0.740484429065744,TRUE
"9",543,FALSE,"CBP-P PIRA",216,2.7,1.1339,5.6981,5.0076,0.6517,26,622,849,82,"CB","P","P","PIRA",0.741563177969486,1.87546317796949,0.653993454422336,259.4,132.7,931,2858.70016605746,251.786695614083,8.8077336197637,648,95.9876543209877,69.54774944461,30.45225055539,0.3045225055539,0.959876543209877,TRUE
"10",544,FALSE,"CBP-P PIRA",217,2.87,1.1231,2.2578,1.9601,0.2681,16,142,270,31,"CB","P","P","PIRA",0.308819029641345,1.43191902964134,0.27497019823822,259.4,132.7,301,924.241407071209,95.1876532199584,10.2990033222591,158,89.873417721519,82.4903382043074,17.5096617956926,0.175096617956926,0.89873417721519,TRUE
"14",545,FALSE,"CBP-P PIRA",203,2.88,1.1215,4.192,3.715,0.6282,34,1028,1148,84,"CB","P","P","PIRA",0.708859865410498,1.8303598654105,0.632064079724029,259.4,132.7,1232,3782.94157312867,257.9278345315,6.81818181818182,1062,96.7984934086629,71.2932485778144,28.7067514221856,0.287067514221856,0.967984934086629,TRUE
"17",546,FALSE,"CBP-P PIRA",202,2.54,1.1103,2.0459,1.6786,0.3392,32,289,689,24,"CB","P","P","PIRA",0.413421470272846,1.52372147027285,0.372351139577453,259.4,132.7,713,2189.31602405904,73.6936670090001,3.36605890603086,321,90.0311526479751,80.7682269762898,19.2317730237102,0.192317730237102,0.900311526479751,TRUE
"21",547,FALSE,"CBP-P PIRA",251,2.51,1.1754,1.888,1.53,0.2652,25,385,719,46,"CB","P","P","PIRA",0.327253333333333,1.50265333333333,0.278418694345187,259.4,132.7,765,2348.98563591188,141.246195100583,6.01307189542484,410,93.9024390243902,92.0648330961747,7.93516690382528,0.0793516690382528,0.939024390243902,TRUE
"24",548,FALSE,"CBP-P PIRA",160,2.49,0.9082,1.952,1.6702,0.3744,29,264,638,16,"CB","P","P","PIRA",0.437569632379356,1.34576963237936,0.481798758400524,259.4,132.7,654,2008.15242599525,49.1291113393334,2.44648318042813,293,90.1023890784983,77.1607099898608,22.8392900101392,0.228392900101392,0.901023890784983,TRUE
"26",549,FALSE,"CBP-P PIRA",240,2.31,0.9529,3.9745,3.778,0.2052,55,123,358,4,"CB","P","P","PIRA",0.215872789835892,1.16877278983589,0.226542963412627,259.4,132.7,362,1111.54614405242,12.2822778348333,1.10497237569061,178,69.1011235955056,90.6491429640322,9.35085703596781,0.0935085703596781,0.691011235955056,TRUE
"28",550,FALSE,"CBP-P PIRA",276,1.97,0.6714,0.9727,0.72,0.1506,20,446,373,60,"CB","P","P","PIRA",0.203456416666667,0.874856416666667,0.30303309006057,259.4,132.7,433,1329.55657562071,184.2341675225,13.8568129330254,466,95.7081545064378,96.5694759617061,3.43052403829387,0.0343052403829387,0.957081545064378,TRUE
"31",551,FALSE,"CBP-P PIRA",181,1.55,0.2594,0.5885,0.4741,0.0449,17,176,158,7,"CB","P","P","PIRA",0.0557343387470998,0.3151343387471,0.214858669032767,259.4,132.7,165,506.643960686875,21.4939862109584,4.24242424242424,193,91.1917098445596,98.1392970175695,1.86070298243045,0.0186070298243045,0.911917098445596,TRUE
"34",552,FALSE,"CBP-P PIRA",350,2.62,1.099,1.005,0.794,0.1562,95,277,518,23,"CB","P","P","PIRA",0.197709068010076,1.29670906801008,0.179899060973681,259.4,132.7,541,1661.17807716121,70.6230975502917,4.25138632162662,372,74.4623655913979,95.4524755549478,4.54752444505225,0.0454752444505225,0.744623655913978,TRUE
"39",553,FALSE,"CBP-P PIRA",210,1.53,0.2887,0.251,0.161,0.0265,85,40,194,2,"CB","P","P","PIRA",0.0413136645962733,0.330013664596273,0.143102405944833,259.4,132.7,196,601.831613906834,6.14113891741667,1.02040816326531,125,32,99.4308969425398,0.569103057460197,0.00569103057460197,0.32,TRUE
"41",554,FALSE,"CBP-P PIRA",350,1.52,0.3382,0.256,0.106,0.0204,30,85,119,9,"CB","P","P","PIRA",0.0492679245283019,0.387467924528302,0.145676890976647,259.4,132.7,128,393.032890714667,27.635125128375,7.03125,115,73.9130434782609,99.2414641472849,0.758535852715056,0.00758535852715056,0.739130434782609,TRUE
"45",555,FALSE,"CBP-P PIRA",226,1.63,0.3789,0.279,0.12,0.0268,30,94,174,10,"CB","P","P","PIRA",0.06231,0.44121,0.164449722882027,259.4,132.7,184,564.984780402334,30.7056945870834,5.43478260869565,124,75.8064516129032,98.6208290570707,1.37917094292935,0.0137917094292935,0.758064516129032,TRUE
"1",556,FALSE,"CBP-P PICO",139,2.03,0.6915,0.7205,0.5582,0.1752,87,185,375,16,"CB","P","P","PICO",0.226140451451093,0.917640451451093,0.327028852423851,259.4,132.7,391,1200.59265835496,49.1291113393334,4.0920716112532,272,68.0147058823529,21.2533399193645,78.7466600806355,0.787466600806355,0.680147058823529,TRUE
"6",557,FALSE,"CBP-P PICO",122,237,0.6525,0.84,0.63,0.162,71,163,348,3,"CB","P","P","PICO",0.216,0.8685,0.331034482758621,259.4,132.7,351,1077.76988000663,9.21170837612501,0.854700854700855,234,69.6581196581197,47.6755858127522,52.3244141872478,0.523244141872478,0.696581196581197,TRUE
"7",558,FALSE,"CBP-P PICO",179,1.79,0.5781,0.9978,0.7835,0.1489,145,378,412,34,"CB","P","P","PICO",0.18962657306956,0.76772657306956,0.328016905500017,259.4,132.7,446,1369.47397858392,104.399361596083,7.62331838565022,523,72.2753346080306,69.54774944461,30.45225055539,0.3045225055539,0.722753346080306,TRUE
"12",559,FALSE,"CBP-P PICO",95,2.43,0.759,1.135,0.861,0.1749,44,499,673,25,"CB","P","P","PICO",0.230559233449477,0.989559233449477,0.303767105994041,259.4,132.7,698,2143.25748217842,76.7642364677084,3.58166189111748,543,91.8968692449355,82.4903382043074,17.5096617956926,0.175096617956926,0.918968692449355,TRUE
"15",560,FALSE,"CBP-P PICO",208,2.8,1.3579,1.458,1.188,0.2708,15,366,540,34,"CB","P","P","PICO",0.332345454545455,1.69024545454545,0.244749579899444,259.4,132.7,574,1762.50686929858,104.399361596083,5.92334494773519,381,96.0629921259843,71.2932485778144,28.7067514221856,0.287067514221856,0.960629921259842,TRUE
"18",561,FALSE,"CBP-P PICO",195,2.65,1.3189,1.489,1.209,0.2542,64,665,618,35,"CB","P","P","PICO",0.313071794871795,1.63197179487179,0.237373413353397,259.4,132.7,653,2005.08185653654,107.469931054792,5.35987748851455,729,91.2208504801097,80.7682269762898,19.2317730237102,0.192317730237102,0.912208504801097,TRUE
"20",562,FALSE,"CBP-P PICO",156,1.63,0.333,0.314,0.236,0.0568,244,112,231,9,"CB","P","P","PICO",0.0755728813559322,0.408572881355932,0.226945589657454,259.4,132.7,240,736.936670090001,27.635125128375,3.75,356,31.4606741573034,92.0648330961747,7.93516690382528,0.0793516690382528,0.314606741573034,TRUE
"22",563,FALSE,"CBP-P PICO",184,1.7,0.4255,1.5858,1.4992,0.0612,70,124,122,22,"CB","P","P","PICO",0.0647351654215582,0.490235165421558,0.152139049169349,236.8,113.1,144,473.588842675902,72.3538509643739,15.2777777777778,194,63.9175257731959,77.1607099898608,22.8392900101392,0.228392900101392,0.639175257731959,TRUE
"27",564,FALSE,"CBP-P PICO",NA,NA,NA,NA,NA,NA,NA,NA,NA,NA,"CB","P","P","PICO",NA,NA,NA,259.4,132.7,NA,NA,NA,NA,NA,NA,90.6491429640322,9.35085703596781,0.0935085703596781,NA,FALSE
"30",565,FALSE,"CBP-P PICO",143,1.15,0.1627,0.117,0.0482,0.0152,85,169,168,16,"CB","P","P","PICO",0.036896265560166,0.199596265560166,0.226774834420196,259.4,132.7,184,564.984780402334,49.1291113393334,8.69565217391304,254,66.5354330708661,96.5694759617061,3.43052403829387,0.0343052403829387,0.665354330708661,TRUE
"33",566,FALSE,"CBP-P PICO",153,1.03,0.0951,0.1757,0.0851,0.0745,16,229,108,22,"CB","P","P","PICO",0.153814923619271,0.248914923619271,1.61740193080201,259.4,132.7,130,399.174029632084,67.5525280915834,16.9230769230769,245,93.469387755102,98.1392970175695,1.86070298243045,0.0186070298243045,0.934693877551021,TRUE
"36",567,FALSE,"CBP-P PICO",60,0.76,NA,NA,NA,NA,NA,NA,NA,NA,"CB","P","P","PICO",NA,NA,NA,259.4,132.7,NA,NA,NA,NA,NA,NA,95.4524755549478,4.54752444505225,0.0454752444505225,NA,FALSE
"38",568,FALSE,"CBP-P PICO",64,0.61,0.0308,0.0687,0.0305,0.0727,154,1,68,0,"CB","P","P","PICO",0.163753770491803,0.194553770491803,5.31668086012348,259.4,132.7,68,208.798723192167,0,0,155,0.645161290322581,99.4308969425398,0.569103057460197,0.00569103057460197,0.00645161290322581,TRUE
"40",569,FALSE,"CBP-P PICO",87,0.49,0.0366,0.021,0.014,0.0035,61,41,40,3,"CB","P","P","PICO",0.00525,0.04185,0.14344262295082,236.8,113.1,43,141.418890521276,9.86643422241463,6.97674418604651,102,40.1960784313725,99.2414641472849,0.758535852715056,0.00758535852715056,0.401960784313726,TRUE
"44",570,FALSE,"CBP-P PICO",105,0.92,0.0395,0.00405,0.0106,0.0041,3,57,37,6,"CB","P","P","PICO",0.00156650943396226,0.0410665094339623,0.039658466682589,259.4,132.7,43,132.034486724458,18.42341675225,13.953488372093,60,95,98.6208290570707,1.37917094292935,0.0137917094292935,0.95,TRUE
"3",571,FALSE,"CBP-P PSME",91,1.29,0.2297,0.5423,0.368,0.0899,86,29,206,2,"CB","P","P","PSME",0.13248035326087,0.36218035326087,0.57675382351271,259.4,132.7,208,638.678447411334,6.14113891741667,0.961538461538462,115,25.2173913043478,21.2533399193645,78.7466600806355,0.787466600806355,0.252173913043478,TRUE
"5",572,FALSE,"CBP-P PSME",52,1.19,0.1359,0.109,0.0672,0.0281,21,2,67,0,"CB","P","P","PSME",0.045578869047619,0.181478869047619,0.335385349872105,259.4,132.7,67,205.728153733458,0,0,23,8.69565217391304,47.6755858127522,52.3244141872478,0.523244141872478,0.0869565217391304,TRUE
"8",573,FALSE,"CBP-P PSME",160,1.37,0.3986,1.5854,1.2797,0.2742,85,35,470,1,"CB","P","P","PSME",0.339702023911854,0.738302023911854,0.852237892403046,236.8,113.1,471,1549.0301729191,3.28881140747154,0.212314225053079,120,29.1666666666667,69.54774944461,30.45225055539,0.3045225055539,0.291666666666667,TRUE
"11",574,FALSE,"CBP-P PSME",92,1.36,0.2697,0.652,0.4455,0.1089,342,53,491,4,"CB","P","P","PSME",0.159377777777778,0.429077777777778,0.590944671033659,259.4,132.7,495,1519.93188206063,12.2822778348333,0.808080808080808,395,13.4177215189873,82.4903382043074,17.5096617956926,0.175096617956926,0.134177215189873,TRUE
"13",575,FALSE,"CBP-P PSME",69,0.95,0.1118,0.3689,0.233,0.0115000000000001,94,2,106,2,"CB","P","P","PSME",0.0182075107296138,0.130007510729614,0.162857877724632,236.8,113.1,108,355.191632006927,6.57762281494309,1.85185185185185,96,2.08333333333333,71.2932485778144,28.7067514221856,0.287067514221856,0.0208333333333333,TRUE
"16",576,FALSE,"CBP-P PSME",98,1.4,0.2528,0.3278,0.2704,0.058,32,11,98,2,"CB","P","P","PSME",0.0703121301775148,0.323112130177515,0.278133426335106,259.4,132.7,100,307.056945870834,6.14113891741667,2,43,25.5813953488372,80.7682269762898,19.2317730237102,0.192317730237102,0.255813953488372,TRUE
"19",577,FALSE,"CBP-P PSME",202,1.69,0.4516,0.789,0.5988,0.0893,208,17,339,1,"CB","P","P","PSME",0.117664829659319,0.569264829659319,0.260550995702654,259.4,132.7,340,1043.99361596083,3.07056945870834,0.294117647058824,225,7.55555555555556,92.0648330961747,7.93516690382528,0.0793516690382528,0.0755555555555556,TRUE
"25",578,FALSE,"CBP-P PSME",125,1.07,0.2473,0.4022,0.3017,0.0489,69,173,294,18,"CB","P","P","PSME",0.0651891945641366,0.312489194564137,0.263603698197075,259.4,132.7,312,958.017671117001,55.27025025675,5.76923076923077,242,71.4876033057851,90.6491429640322,9.35085703596781,0.0935085703596781,0.714876033057851,TRUE
"29",579,FALSE,"CBP-P PSME",159,1.28,0.2807,0.393,0.243,0.065,258,28,317,1,"CB","P","P","PSME",0.105123456790123,0.385823456790123,0.374504655468912,259.4,132.7,318,976.441087869251,3.07056945870834,0.314465408805031,286,9.79020979020979,96.5694759617061,3.43052403829387,0.0343052403829387,0.0979020979020979,TRUE
"32",580,FALSE,"CBP-P PSME",157,1.05,0.1519,0.3763,0.2603,0.0283,63,100,185,17,"CB","P","P","PSME",0.040911601997695,0.192811601997695,0.269332468714253,259.4,132.7,202,620.255030659084,52.1996807980417,8.41584158415842,163,61.3496932515337,98.1392970175695,1.86070298243045,0.0186070298243045,0.613496932515337,TRUE
"35",581,FALSE,"CBP-P PSME",168,1.31,0.2349,0.351,0.204,0.0524,231,17,305,0,"CB","P","P","PSME",0.0901588235294118,0.325058823529412,0.383817894974082,259.4,132.7,305,936.523684906042,0,0,248,6.85483870967742,95.4524755549478,4.54752444505225,0.0454752444505225,0.0685483870967742,TRUE
"23",582,FALSE,"CBP-P PSME",155,1.58,0.4543,0.683,0.5024,0.1052,165,28,392,5,"CB","P","P","PSME",0.143016719745223,0.597316719745223,0.314806779100205,259.4,132.7,397,1219.01607510721,15.3528472935417,1.25944584382872,193,14.5077720207254,77.1607099898608,22.8392900101392,0.228392900101392,0.145077720207254,TRUE
"37",583,FALSE,"CBP-P PSME",61,0.82,0.0201,0.1186,0.0647,0.0078,36,9,62,1,"CB","P","P","PSME",0.0142979907264297,0.0343979907264297,0.711342822210432,236.8,113.1,63,207.195118670707,3.28881140747154,1.58730158730159,45,20,99.4308969425398,0.569103057460197,0.00569103057460197,0.2,TRUE
"42",584,FALSE,"CBP-P PSME",83,0.83,0.1224,0.121,0.058,0.0142,70,0,96,0,"CB","P","P","PSME",0.0296241379310345,0.152024137931034,0.242027270678386,259.4,132.7,96,294.774668036,0,0,70,0,99.2414641472849,0.758535852715056,0.00758535852715056,0,TRUE
"43",585,FALSE,"CBP-P PSME",151,0.98,0.1415,0.1453,0.0931,0.0157,71,22,92,1,"CB","P","P","PSME",0.0245027926960258,0.166002792696026,0.173164612692762,236.8,113.1,93,305.859460894853,3.28881140747154,1.0752688172043,93,23.6559139784946,98.6208290570707,1.37917094292935,0.0137917094292935,0.236559139784946,TRUE
"2",586,FALSE,"CBP-G PIRA",79,2.2,0.3945,1.2376,0.932,0.1781,258,39,420,2,"CB","P","G","PIRA",0.236498454935622,0.630998454935622,0.599489112637826,259.4,132.7,422,1295.78031157492,6.14113891741667,0.4739336492891,297,13.1313131313131,21.2533399193645,78.7466600806355,0.787466600806355,0.131313131313131,TRUE
"4",587,FALSE,"CBP-G PIRA",55,1.65,0.2849,0.5449,0.3901,0.1104,71,23,200,2,"CB","P","G","PIRA",0.154209074596257,0.439109074596257,0.541274393107257,259.4,132.7,202,620.255030659084,6.14113891741667,0.99009900990099,94,24.468085106383,47.6755858127522,52.3244141872478,0.523244141872478,0.24468085106383,TRUE
"9",588,FALSE,"CBP-G PIRA",91,1.83,0.3815,3.2629,2.7511,0.309,49,506,518,86,"CB","P","G","PIRA",0.366484715204827,0.747984715204827,0.960641455320648,259.4,132.7,604,1854.62395305983,264.068973448917,14.2384105960265,555,91.1711711711712,69.54774944461,30.45225055539,0.3045225055539,0.911711711711712,TRUE
"10",589,FALSE,"CBP-G PIRA",208,2.34,0.7808,2.1034,1.9304,0.2465,161,34,525,4,"CB","P","G","PIRA",0.268591017405719,1.04939101740572,0.3439946431938,259.4,132.7,529,1624.33124365671,12.2822778348333,0.756143667296786,195,17.4358974358974,82.4903382043074,17.5096617956926,0.175096617956926,0.174358974358974,TRUE
"14",590,FALSE,"CBP-G PIRA",111,2.15,0.5472,1.492,1.232,0.2537,242,316,501,12,"CB","P","G","PIRA",0.307240584415584,0.854440584415584,0.561477676198071,259.4,132.7,513,1575.20213231738,36.8468335045,2.33918128654971,558,56.6308243727599,71.2932485778144,28.7067514221856,0.287067514221856,0.566308243727599,TRUE
"17",591,FALSE,"CBP-G PIRA",115,1.88,0.522,1.6536,1.497,0.1911,42,174,435,16,"CB","P","G","PIRA",0.211090821643287,0.733090821643287,0.404388547209361,259.4,132.7,451,1384.82682587746,49.1291113393334,3.54767184035477,216,80.5555555555556,80.7682269762898,19.2317730237102,0.192317730237102,0.805555555555556,TRUE
"21",592,FALSE,"CBP-G PIRA",170,1.78,0.374,0.416,0.297,0.1153,120,16,420,0,"CB","P","G","PIRA",0.161497643097643,0.535497643097643,0.431811879940222,259.4,132.7,420,1289.6391726575,0,0,136,11.7647058823529,92.0648330961747,7.93516690382528,0.0793516690382528,0.117647058823529,TRUE
"24",593,FALSE,"CBP-G PIRA",135,2.52,0.7877,1.735,1.346,0.2587,23,206,678,14,"CB","P","G","PIRA",0.333465453194651,1.12116545319465,0.423340679439699,259.4,132.7,692,2124.83406542617,42.9879724219167,2.02312138728324,229,89.9563318777293,77.1607099898608,22.8392900101392,0.228392900101392,0.899563318777293,TRUE
"26",594,FALSE,"CBP-G PIRA",152,1.66,0.484,1.544,1.3344,0.1963,258,151,595,9,"CB","P","G","PIRA",0.227133693045564,0.711133693045564,0.469284489763561,259.4,132.7,604,1854.62395305983,27.635125128375,1.49006622516556,409,36.919315403423,90.6491429640322,9.35085703596781,0.0935085703596781,0.36919315403423,TRUE
"28",595,FALSE,"CBP-G PIRA",78,1.32,0.2811,0.6848,0.5302,0.0546,26,198,189,7,"CB","P","G","PIRA",0.0705207091663523,0.351620709166352,0.25087409877749,259.4,132.7,196,601.831613906834,21.4939862109584,3.57142857142857,224,88.3928571428571,96.5694759617061,3.43052403829387,0.0343052403829387,0.883928571428571,TRUE
"31",596,FALSE,"CBP-G PIRA",203,1.47,0.245,0.8592,0.7312,0.057,105,187,228,10,"CB","P","G","PIRA",0.0669781181619256,0.311978118161926,0.273380074130309,259.4,132.7,238,730.795531172584,30.7056945870834,4.20168067226891,292,64.041095890411,98.1392970175695,1.86070298243045,0.0186070298243045,0.64041095890411,TRUE
"34",597,FALSE,"CBP-G PIRA",205,2.07,0.6272,0.987,0.7805,0.1506,59,264,470,8,"CB","P","G","PIRA",0.190444843049327,0.817644843049327,0.303642925780178,259.4,132.7,478,1467.73220126258,24.5645556696667,1.67364016736402,323,81.733746130031,95.4524755549478,4.54752444505225,0.0454752444505225,0.81733746130031,TRUE
"39",598,FALSE,"CBP-G PIRA",126,1.2,0.2094,0.2123,0.1605,0.0189,34,27,1202,3,"CB","P","G","PIRA",0.0249998130841121,0.234399813084112,0.119387837077899,259.4,132.7,1205,3700.03619774354,9.21170837612501,0.24896265560166,61,44.2622950819672,99.4308969425398,0.569103057460197,0.00569103057460197,0.442622950819672,TRUE
"41",599,FALSE,"CBP-G PIRA",76,1.16,0.1903,0.4213,0.2959,0.0265,26,31,124,7,"CB","P","G","PIRA",0.0377304832713755,0.228030483271375,0.198268435477538,259.4,132.7,131,402.244599090792,21.4939862109584,5.34351145038168,57,54.3859649122807,99.2414641472849,0.758535852715056,0.00758535852715056,0.543859649122807,TRUE
"45",600,FALSE,"CBP-G PIRA",239,1.71,0.4398,0.414,0.2247,0.0602,112,87,257,6,"CB","P","G","PIRA",0.110915887850467,0.550715887850467,0.25219619793194,259.4,132.7,263,807.559767640292,18.42341675225,2.28136882129278,199,43.7185929648241,98.6208290570707,1.37917094292935,0.0137917094292935,0.437185929648241,TRUE
"1",601,FALSE,"CBP-G PICO",71,0.85,0.1077,0.293,0.2277,0.0353,229,3,186,0,"CB","P","G","PICO",0.045423364075538,0.153123364075538,0.421758255111773,259.4,132.7,186,571.12591931975,0,0,232,1.29310344827586,21.2533399193645,78.7466600806355,0.787466600806355,0.0129310344827586,TRUE
"6",602,FALSE,"CBP-G PICO",51,1.63,0.0982,0.336,0.244,0.0707,425,72,276,7,"CB","P","G","PICO",0.0973573770491803,0.19555737704918,0.991419318219759,259.4,132.7,283,868.971156814459,21.4939862109584,2.47349823321555,497,14.4869215291751,47.6755858127522,52.3244141872478,0.523244141872478,0.144869215291751,TRUE
"7",603,FALSE,"CBP-G PICO",52,1.08,0.0898,0.1703,0.1001,0.0257,344,9,221,0,"CB","P","G","PICO",0.0437233766233766,0.133523376623377,0.486897289792613,259.4,132.7,221,678.595850374542,0,0,353,2.54957507082153,69.54774944461,30.45225055539,0.3045225055539,0.0254957507082153,TRUE
"12",604,FALSE,"CBP-G PICO",89,1.19,0.1588,0.112,0.0674,0.0206,169,147,187,21,"CB","P","G","PICO",0.0342314540059347,0.193031454005935,0.215563312379942,259.4,132.7,208,638.678447411334,64.481958632875,10.0961538461538,316,46.5189873417722,82.4903382043074,17.5096617956926,0.175096617956926,0.465189873417722,TRUE
"15",605,FALSE,"CBP-G PICO",25,0.91,0.0484,0.0273,0.0135,0.005,28,58,52,3,"CB","P","G","PICO",0.0101111111111111,0.0585111111111111,0.2089072543618,259.4,132.7,55,168.881320228958,9.21170837612501,5.45454545454545,86,67.4418604651163,71.2932485778144,28.7067514221856,0.287067514221856,0.674418604651163,TRUE
"18",606,FALSE,"CBP-G PICO",45,0.88,0.0704,0.1225,0.072,0.0184,171,141,140,9,"CB","P","G","PICO",0.0313055555555556,0.101705555555556,0.444681186868687,259.4,132.7,149,457.514849347542,27.635125128375,6.04026845637584,312,45.1923076923077,80.7682269762898,19.2317730237102,0.192317730237102,0.451923076923077,TRUE
"20",607,FALSE,"CBP-G PICO",61,1.05,0.1031,0.3832,0.2996,0.0417,596,10,313,1,"CB","P","G","PICO",0.053335914552737,0.156435914552737,0.517322158610446,259.4,132.7,314,964.158810034417,3.07056945870834,0.318471337579618,606,1.65016501650165,92.0648330961747,7.93516690382528,0.0793516690382528,0.0165016501650165,TRUE
"22",608,FALSE,"CBP-G PICO",46,1.04,0.0646,0.1403,0.109,0.027,299,25,174,6,"CB","P","G","PICO",0.0347532110091743,0.0993532110091743,0.537975402618797,236.8,113.1,180,591.986053344878,19.7328684448293,3.33333333333333,324,7.71604938271605,77.1607099898608,22.8392900101392,0.228392900101392,0.0771604938271605,TRUE
"27",609,FALSE,"CBP-G PICO",49,0.92,0.0977,0.125,0.0595,0.0175,361,38,183,2,"CB","P","G","PICO",0.0367647058823529,0.134464705882353,0.376302004937082,259.4,132.7,185,568.055349861042,6.14113891741667,1.08108108108108,399,9.52380952380952,90.6491429640322,9.35085703596781,0.0935085703596781,0.0952380952380952,TRUE
"30",610,FALSE,"CBP-G PICO",92,0.9,0.1067,0.122,0.0552,0.0196,181,164,160,15,"CB","P","G","PICO",0.0433188405797101,0.15001884057971,0.405987259416215,259.4,132.7,175,537.349655273959,46.058541880625,8.57142857142857,345,47.536231884058,96.5694759617061,3.43052403829387,0.0343052403829387,0.47536231884058,TRUE
"33",611,FALSE,"CBP-G PICO",NA,NA,NA,NA,NA,NA,NA,NA,NA,NA,"CB","P","G","PICO",NA,NA,NA,259.4,132.7,NA,NA,NA,NA,NA,NA,98.1392970175695,1.86070298243045,0.0186070298243045,NA,FALSE
"36",612,FALSE,"CBP-G PICO",120,1.14,0.1504,0.124,0.088,0.0218,6,317,158,50,"CB","P","G","PICO",0.0307181818181818,0.181118181818182,0.204243230174081,259.4,132.7,208,638.678447411334,153.528472935417,24.0384615384615,323,98.1424148606811,95.4524755549478,4.54752444505225,0.0454752444505225,0.981424148606811,TRUE
"38",613,FALSE,"CBP-G PICO",34,0.66,0.0255,0.077,0.045,0.0037,108,11,54,0,"CB","P","G","PICO",0.00633111111111111,0.0318311111111111,0.248278867102397,259.4,132.7,54,165.81075077025,0,0,119,9.2436974789916,99.4308969425398,0.569103057460197,0.00569103057460197,0.092436974789916,TRUE
"40",614,FALSE,"CBP-G PICO",70,0.69,0.043,0.0343,0.007,0.0059,139,8,86,0,"CB","P","G","PICO",0.02891,0.07191,0.672325581395349,236.8,113.1,86,282.837781042553,0,0,147,5.4421768707483,99.2414641472849,0.758535852715056,0.00758535852715056,0.054421768707483,TRUE
"44",615,FALSE,"CBP-G PICO",60,0.62,0.0043,0.0024,4e-04,3e-04,3,0,3,0,"CB","P","G","PICO",0.0018,0.0061,0.418604651162791,259.4,132.7,3,9.21170837612501,0,0,3,0,98.6208290570707,1.37917094292935,0.0137917094292935,0,TRUE
"3",616,FALSE,"CBP-G PSME",53,1.02,0.1502,0.303,0.1914,0.0485,39,12,151,2,"CB","P","G","PSME",0.0767789968652038,0.226978996865204,0.511178407890837,259.4,132.7,153,469.797127182375,6.14113891741667,1.30718954248366,51,23.5294117647059,21.2533399193645,78.7466600806355,0.787466600806355,0.235294117647059,TRUE
"5",617,FALSE,"CBP-G PSME",55,0.61,0.1355,0.5475,0.4006,0.0865,148,5,193,0,"CB","P","G","PSME",0.118219545681478,0.253719545681478,0.872468971819024,259.4,132.7,193,592.619905530709,0,0,153,3.26797385620915,47.6755858127522,52.3244141872478,0.523244141872478,0.0326797385620915,TRUE
"8",618,FALSE,"CBP-G PSME",53,1.3,0.1938,0.699,0.5272,0.1882,177,22,NA,NA,"CB","P","G","PSME",0.249529210925645,0.443329210925645,1.2875604278929,236.8,113.1,NA,NA,NA,NA,199,11.0552763819095,69.54774944461,30.45225055539,0.3045225055539,0.110552763819095,TRUE
"11",619,FALSE,"CBP-G PSME",94,1.18,0.1301,0.259,0.1614,0.0422,143,7,167,1,"CB","P","G","PSME",0.0677187112763321,0.197818711276332,0.520512769226227,259.4,132.7,168,515.855669063,3.07056945870834,0.595238095238095,150,4.66666666666667,82.4903382043074,17.5096617956926,0.175096617956926,0.0466666666666667,TRUE
"13",620,FALSE,"CBP-G PSME",76,1.49,0.1705,0.6594,0.5483,0.1718,170,3,235,1,"CB","P","G","PSME",0.206611198249133,0.377111198249133,1.21179588415914,236.8,113.1,236,776.159492163284,3.28881140747154,0.423728813559322,173,1.73410404624277,71.2932485778144,28.7067514221856,0.287067514221856,0.0173410404624277,TRUE
"16",621,FALSE,"CBP-G PSME",56,1.5,0.1352,0.4915,0.3651,0.0832,243,18,296,0,"CB","P","G","PSME",0.112004382360997,0.247204382360997,0.828434780776605,259.4,132.7,296,908.888559777667,0,0,261,6.89655172413793,80.7682269762898,19.2317730237102,0.192317730237102,0.0689655172413793,TRUE
"19",622,FALSE,"CBP-G PSME",77,1.31,0.1031,0.1012,0.0201,0.0186,93,11,58,0,"CB","P","G","PSME",0.0936477611940298,0.19674776119403,0.908319701203005,259.4,132.7,58,178.093028605083,0,0,104,10.5769230769231,92.0648330961747,7.93516690382528,0.0793516690382528,0.105769230769231,TRUE
"23",623,FALSE,"CBP-G PSME",78,1.22,0.1704,0.575,0.421,0.1065,364,9,355,1,"CB","P","G","PSME",0.145457244655582,0.315857244655582,0.853622327790974,259.4,132.7,356,1093.12272730017,3.07056945870834,0.280898876404494,373,2.41286863270777,77.1607099898608,22.8392900101392,0.228392900101392,0.0241286863270777,TRUE
"25",624,FALSE,"CBP-G PSME",74,1.2,0.1625,0.3408,0.2581,0.0768,176,42,260,5,"CB","P","G","PSME",0.101408136381248,0.263908136381248,0.624050070038446,259.4,132.7,265,813.700906557709,15.3528472935417,1.88679245283019,218,19.2660550458716,90.6491429640322,9.35085703596781,0.0935085703596781,0.192660550458716,TRUE
"29",625,FALSE,"CBP-G PSME",72,1.1,0.1215,0.2868,0.1875,0.0212,70,0,59,0,"CB","P","G","PSME",0.03242752,0.15392752,0.26689316872428,259.4,132.7,59,181.163598063792,0,0,70,0,96.5694759617061,3.43052403829387,0.0343052403829387,0,TRUE
"32",626,FALSE,"CBP-G PSME",121,1.82,0.1113,0.1868,0.123,0.0244,64,36,112,1,"CB","P","G","PSME",0.0370562601626016,0.148356260162602,0.332940342880518,259.4,132.7,113,346.974348834042,3.07056945870834,0.884955752212389,100,36,98.1392970175695,1.86070298243045,0.0186070298243045,0.36,TRUE
"35",627,FALSE,"CBP-G PSME",107,1.17,0.1467,0.1715,0.1133,0.0416,106,2,122,0,"CB","P","G","PSME",0.0629691085613416,0.209669108561342,0.429237277173426,259.4,132.7,122,374.609473962417,0,0,108,1.85185185185185,95.4524755549478,4.54752444505225,0.0454752444505225,0.0185185185185185,TRUE
"37",628,FALSE,"CBP-G PSME",144,0.7,0.0925,0.1121,0.0616,0.0128,92,0,93,0,"CB","P","G","PSME",0.0232935064935065,0.115793506493506,0.251821691821692,236.8,113.1,93,305.859460894853,0,0,92,0,99.4308969425398,0.569103057460197,0.00569103057460197,0,TRUE
"42",629,FALSE,"CBP-G PSME",129,0.83,0.1003,0.064,0.0333,0.0137,78,2,76,0,"CB","P","G","PSME",0.0263303303303303,0.12663033033033,0.262515756035198,259.4,132.7,76,233.363278861834,0,0,80,2.5,99.2414641472849,0.758535852715056,0.00758535852715056,0.025,TRUE
"43",630,FALSE,"CBP-G PSME",119,1.14,0.1333,0.1179,0.0839,0.018,100,7,107,0,"CB","P","G","PSME",0.0252943980929678,0.158594398092968,0.189755424553397,236.8,113.1,107,351.902820599455,0,0,107,6.54205607476636,98.6208290570707,1.37917094292935,0.0137917094292935,0.0654205607476636,TRUE
"2",631,FALSE,"CBG-P PIRA",163,3.64,1.5073,5.5773,5.1826,0.893,18,755,742,107,"CB","G","P","PIRA",0.961009705553197,2.4683097055532,0.637570294933455,259.4,132.7,849,2606.91347044338,328.550932081792,12.603062426384,773,97.6714100905563,21.2533399193645,78.7466600806355,0.787466600806355,0.976714100905563,TRUE
"4",632,FALSE,"CBG-P PIRA",177,3.03,1.411,2.2603,1.9233,0.4712,43,193,589,15,"CB","G","P","PIRA",0.553763510632767,1.96476351063277,0.392461736805646,259.4,132.7,604,1854.62395305983,46.058541880625,2.48344370860927,236,81.7796610169491,47.6755858127522,52.3244141872478,0.523244141872478,0.817796610169491,TRUE
"9",633,FALSE,"CBG-P PIRA",238,3.81,1.8042,5.7892,5.1968,0.7827,11,1185,789,120,"CB","G","P","PIRA",0.871922498460591,2.67612249846059,0.483273749285329,259.4,132.7,909,2791.14763796588,368.468335045,13.2013201320132,1196,99.0802675585284,69.54774944461,30.45225055539,0.3045225055539,0.990802675585284,TRUE
"10",634,FALSE,"CBG-P PIRA",311,3.03,1.6625,2.5013,1.8148,0.3785,14,721,545,67,"CB","G","P","PIRA",0.521678449415914,2.18417844941591,0.31379154852085,259.4,132.7,612,1879.1885087295,205.728153733458,10.9477124183007,735,98.0952380952381,82.4903382043074,17.5096617956926,0.175096617956926,0.980952380952381,TRUE
"14",635,FALSE,"CBG-P PIRA",211,3.44,1.4627,3.605,3.023,0.5845,69,659,768,55,"CB","G","P","PIRA",0.697030267945749,2.15973026794575,0.476536725197067,259.4,132.7,823,2527.07866451696,168.881320228958,6.68286755771567,728,90.521978021978,71.2932485778144,28.7067514221856,0.287067514221856,0.90521978021978,TRUE
"17",636,FALSE,"CBG-P PIRA",306,3.72,2.613,3.4956,3.3412,0.6065,21,435,617,51,"CB","G","P","PIRA",0.634526936430025,3.24752693643003,0.242834648461548,259.4,132.7,668,2051.14039841717,156.599042394125,7.63473053892216,456,95.3947368421053,80.7682269762898,19.2317730237102,0.192317730237102,0.953947368421053,TRUE
"21",637,FALSE,"CBG-P PIRA",94,1.9,0.3081,0.615,0.463,0.0774,78,153,406,13,"CB","G","P","PIRA",0.102809935205184,0.410909935205184,0.333690149968139,259.4,132.7,419,1286.56860319879,39.9174029632084,3.10262529832936,231,66.2337662337662,92.0648330961747,7.93516690382528,0.0793516690382528,0.662337662337662,TRUE
"24",638,FALSE,"CBG-P PIRA",261,3.05,1.5188,1.578,1.366,0.424,68,258,769,15,"CB","G","P","PIRA",0.489803806734993,2.00860380673499,0.322493947020669,259.4,132.7,784,2407.32645562733,46.058541880625,1.91326530612245,326,79.1411042944785,77.1607099898608,22.8392900101392,0.228392900101392,0.791411042944785,TRUE
"26",639,FALSE,"CBG-P PIRA",271,2.78,1.2025,2.1025,1.7394,0.2544,25,279,424,31,"CB","G","P","PIRA",0.307506036564333,1.51000603656433,0.255722275729175,259.4,132.7,455,1397.10910371229,95.1876532199584,6.81318681318681,304,91.7763157894737,90.6491429640322,9.35085703596781,0.0935085703596781,0.917763157894737,TRUE
"28",640,FALSE,"CBG-P PIRA",288,2.23,0.6355,0.7479,0.5349,0.1236,37,219,183,29,"CB","G","P","PIRA",0.172818171620864,0.808318171620864,0.27194047461977,259.4,132.7,212,650.960725246167,89.0465143025417,13.6792452830189,256,85.546875,96.5694759617061,3.43052403829387,0.0343052403829387,0.85546875,TRUE
"31",641,FALSE,"CBG-P PIRA",326,1.73,0.5373,0.8152,0.6648,0.0511,3,219,144,32,"CB","G","P","PIRA",0.0626605294825511,0.599960529482551,0.116621123176161,259.4,132.7,176,540.420224732667,98.2582226786667,18.1818181818182,222,98.6486486486486,98.1392970175695,1.86070298243045,0.0186070298243045,0.986486486486486,TRUE
"34",642,FALSE,"CBG-P PIRA",345,2.81,1.5275,1.4087,1.1865,0.2422,20,399,458,34,"CB","G","P","PIRA",0.287557640117994,1.81505764011799,0.188253774217999,259.4,132.7,492,1510.7201736845,104.399361596083,6.91056910569106,419,95.2267303102625,95.4524755549478,4.54752444505225,0.0454752444505225,0.952267303102625,TRUE
"39",643,FALSE,"CBG-P PIRA",241,1.43,0.2912,0.228,0.12,0.0239,31,14,131,4,"CB","G","P","PIRA",0.04541,0.33661,0.155940934065934,259.4,132.7,135,414.526876925625,12.2822778348333,2.96296296296296,45,31.1111111111111,99.4308969425398,0.569103057460197,0.00569103057460197,0.311111111111111,TRUE
"41",644,FALSE,"CBG-P PIRA",72,0.66,0.3989,0.198,0.0965,0.0344,94,15,140,2,"CB","G","P","PIRA",0.0705823834196891,0.469482383419689,0.176942550563272,259.4,132.7,142,436.020863136584,6.14113891741667,1.40845070422535,109,13.7614678899083,99.2414641472849,0.758535852715056,0.00758535852715056,0.137614678899083,TRUE
"45",645,FALSE,"CBG-P PIRA",301,1.93,0.5642,0.5343,0.4061,0.0532,10,149,195,23,"CB","G","P","PIRA",0.0699944841172125,0.634194484117213,0.124059702441001,259.4,132.7,218,669.384141998417,70.6230975502917,10.5504587155963,159,93.7106918238994,98.6208290570707,1.37917094292935,0.0137917094292935,0.937106918238994,TRUE
"1",646,FALSE,"CBG-P PICO",96,1.53,0.3043,0.4752,0.3345,0.081,2,329,243,28,"CB","G","P","PICO",0.115070852017937,0.419370852017937,0.378149365816422,259.4,132.7,271,832.124323309959,85.9759448438334,10.3321033210332,331,99.3957703927492,21.2533399193645,78.7466600806355,0.787466600806355,0.993957703927492,TRUE
"6",647,FALSE,"CBG-P PICO",68,1.71,0.2882,0.648,0.3612,0.1161,92,33,289,5,"CB","G","P","PICO",0.208285714285714,0.496485714285714,0.722712402101715,259.4,132.7,294,902.747420860251,15.3528472935417,1.70068027210884,125,26.4,47.6755858127522,52.3244141872478,0.523244141872478,0.264,TRUE
"7",648,FALSE,"CBG-P PICO",156,1.7,0.4752,0.867,0.6664,0.1407,184,421,362,38,"CB","G","P","PICO",0.183053571428571,0.658253571428571,0.385213744588745,259.4,132.7,400,1228.22778348333,116.681639430917,9.5,605,69.5867768595041,69.54774944461,30.45225055539,0.3045225055539,0.695867768595041,TRUE
"12",649,FALSE,"CBG-P PICO",166,1.93,0.5331,0.513,0.361,0.1026,80,182,378,10,"CB","G","P","PICO",0.1458,0.6789,0.273494653911086,259.4,132.7,388,1191.38094997883,30.7056945870834,2.57731958762887,262,69.4656488549618,82.4903382043074,17.5096617956926,0.175096617956926,0.694656488549618,TRUE
"15",650,FALSE,"CBG-P PICO",133,0.88,0.6886,1.0866,0.8369,0.1596,58,335,328,23,"CB","G","P","PICO",0.20721873581073,0.89581873581073,0.300927586132341,259.4,132.7,351,1077.76988000663,70.6230975502917,6.55270655270655,393,85.2417302798982,71.2932485778144,28.7067514221856,0.287067514221856,0.852417302798982,TRUE
"18",651,FALSE,"CBG-P PICO",100,1.57,0.5177,0.516,0.406,0.0895,51,220,303,17,"CB","G","P","PICO",0.113748768472906,0.631448768472906,0.219719467786182,259.4,132.7,320,982.582226786667,52.1996807980417,5.3125,271,81.1808118081181,80.7682269762898,19.2317730237102,0.192317730237102,0.811808118081181,TRUE
"20",652,FALSE,"CBG-P PICO",165,1.34,0.272,0.4433,0.2932,0.0345,38,439,178,73,"CB","G","P","PICO",0.0521618349249659,0.324161834924966,0.191771451930022,259.4,132.7,251,770.712934135792,224.151570485709,29.0836653386454,477,92.0335429769392,92.0648330961747,7.93516690382528,0.0793516690382528,0.920335429769392,TRUE
"22",653,FALSE,"CBG-P PICO",145,1.35,0.3116,0.3045,0.2285,0.0328,1,309,94,65,"CB","G","P","PICO",0.043709409190372,0.355309409190372,0.140274098813774,236.8,113.1,159,522.921013787975,213.77274148565,40.8805031446541,310,99.6774193548387,77.1607099898608,22.8392900101392,0.228392900101392,0.996774193548387,TRUE
"27",654,FALSE,"CBG-P PICO",85,1.04,0.0804,NA,NA,NA,NA,NA,NA,NA,"CB","G","P","PICO",NA,NA,NA,259.4,132.7,NA,NA,NA,NA,NA,NA,90.6491429640322,9.35085703596781,0.0935085703596781,NA,FALSE
"30",655,FALSE,"CBG-P PICO",106,0.81,0.1035,NA,NA,NA,NA,NA,NA,NA,"CB","G","P","PICO",NA,NA,NA,259.4,132.7,NA,NA,NA,NA,NA,NA,96.5694759617061,3.43052403829387,0.0343052403829387,NA,FALSE
"33",656,FALSE,"CBG-P PICO",144,1.27,0.168,0.1947,0.1407,0.0772999999999999,6,196,133,23,"CB","G","P","PICO",0.106967377398721,0.274967377398721,0.636710579754289,259.4,132.7,156,479.0088355585,70.6230975502917,14.7435897435897,202,97.029702970297,98.1392970175695,1.86070298243045,0.0186070298243045,0.97029702970297,TRUE
"36",657,FALSE,"CBG-P PICO",70,0.67,0.0231,NA,NA,NA,NA,NA,NA,NA,"CB","G","P","PICO",NA,NA,NA,259.4,132.7,NA,NA,NA,NA,NA,NA,95.4524755549478,4.54752444505225,0.0454752444505225,NA,FALSE
"38",658,FALSE,"CBG-P PICO",61,0.62,0.0298,0.0702,0.0415,0.0795999999999999,57,2,41,1,"CB","G","P","PICO",0.134648674698795,0.164448674698795,4.51841190264413,259.4,132.7,42,128.96391726575,3.07056945870834,2.38095238095238,59,3.38983050847458,99.4308969425398,0.569103057460197,0.00569103057460197,0.0338983050847458,TRUE
"40",659,FALSE,"CBG-P PICO",49,0.33,0.0199,0.0405,0.025,0.0045,80,28,50,1,"CB","G","P","PICO",0.00729,0.02719,0.366331658291457,236.8,113.1,51,167.729381781049,3.28881140747154,1.96078431372549,108,25.9259259259259,99.2414641472849,0.758535852715056,0.00758535852715056,0.259259259259259,TRUE
"44",660,FALSE,"CBG-P PICO",147,1.61,0.2807,0.106,0.0675,0.0167,14,169,136,25,"CB","G","P","PICO",0.0262251851851852,0.306925185185185,0.0934278061460106,259.4,132.7,161,494.361682852042,76.7642364677084,15.527950310559,183,92.3497267759563,98.6208290570707,1.37917094292935,0.0137917094292935,0.923497267759563,TRUE
"3",661,FALSE,"CBG-P PSME",58,1.45,0.2011,0.404,0.308,0.0949,56,24,158,4,"CB","G","P","PSME",0.124479220779221,0.325579220779221,0.618991649822082,259.4,132.7,162,497.43225231075,12.2822778348333,2.46913580246914,80,30,21.2533399193645,78.7466600806355,0.787466600806355,0.3,TRUE
"5",662,FALSE,"CBG-P PSME",58,1.61,0.2161,0.406,0.293,0.1021,52,71,210,12,"CB","G","P","PSME",0.141476450511945,0.357576450511945,0.654680474372723,259.4,132.7,222,681.666419833251,36.8468335045,5.40540540540541,123,57.7235772357724,47.6755858127522,52.3244141872478,0.523244141872478,0.577235772357724,TRUE
"8",663,FALSE,"CBG-P PSME",142,0.96,0.2298,0.7323,0.5708,0.1362,102,18,251,2,"CB","G","P","PSME",0.174735914505957,0.404535914505957,0.760382569651684,236.8,113.1,253,832.0692860903,6.57762281494309,0.790513833992095,120,15,69.54774944461,30.45225055539,0.3045225055539,0.15,TRUE
"11",664,FALSE,"CBG-P PSME",132,1.64,0.4094,0.782,0.6024,0.0881,128,22,269,2,"CB","G","P","PSME",0.11436620185923,0.52376620185923,0.279350761747019,259.4,132.7,271,832.124323309959,6.14113891741667,0.738007380073801,150,14.6666666666667,82.4903382043074,17.5096617956926,0.175096617956926,0.146666666666667,TRUE
"13",665,FALSE,"CBG-P PSME",114,1.32,0.2891,0.999,0.775,0.0857000000000001,155,28,352,12,"CB","G","P","PSME",0.110470064516129,0.399570064516129,0.382117137724418,236.8,113.1,364,1197.12735231964,39.4657368896585,3.2967032967033,183,15.3005464480874,71.2932485778144,28.7067514221856,0.287067514221856,0.153005464480874,TRUE
"16",666,FALSE,"CBG-P PSME",34,1.25,NA,0.0368,0.0307,0.0115,13,1,24,0,"CB","G","P","PSME",0.0137850162866449,NA,NA,259.4,132.7,24,73.6936670090001,0,0,14,7.14285714285714,80.7682269762898,19.2317730237102,0.192317730237102,0.0714285714285714,FALSE
"19",667,FALSE,"CBG-P PSME",130,1.07,0.1968,0.3646,0.2524,0.0533,111,6,244,1,"CB","G","P","PSME",0.0769935816164818,0.273793581616482,0.391227548864237,259.4,132.7,245,752.289517383542,3.07056945870834,0.408163265306122,117,5.12820512820513,92.0648330961747,7.93516690382528,0.0793516690382528,0.0512820512820513,TRUE
"23",668,FALSE,"CBG-P PSME",181,1.64,0.6623,1.386,1.014,0.1822,400,51,671,11,"CB","G","P","PSME",0.249042603550296,0.911342603550296,0.376026881398605,259.4,132.7,682,2094.12837083908,33.7762640457917,1.61290322580645,451,11.3082039911308,77.1607099898608,22.8392900101392,0.228392900101392,0.113082039911308,TRUE
"25",669,FALSE,"CBG-P PSME",216,1.74,0.5533,1.5536,1.1769,0.1808,156,182,468,25,"CB","G","P","PSME",0.238670133401309,0.791970133401309,0.431357551782593,259.4,132.7,493,1513.79074314321,76.7642364677084,5.0709939148073,338,53.8461538461538,90.6491429640322,9.35085703596781,0.0935085703596781,0.538461538461538,TRUE
"29",670,FALSE,"CBG-P PSME",122,1.72,0.3751,1.048,0.8809,0.0852,469,8,438,0,"CB","G","P","PSME",0.101361789079351,0.476461789079351,0.27022604393322,259.4,132.7,438,1344.90942291425,0,0,477,1.67714884696017,96.5694759617061,3.43052403829387,0.0343052403829387,0.0167714884696017,TRUE
"32",671,FALSE,"CBG-P PSME",144,1.09,0.1176,0.2811,0.197,0.032,37,78,159,15,"CB","G","P","PSME",0.0456609137055838,0.163260913705584,0.388273075727753,259.4,132.7,174,534.27908581525,46.058541880625,8.62068965517241,115,67.8260869565217,98.1392970175695,1.86070298243045,0.0186070298243045,0.678260869565217,TRUE
"35",672,FALSE,"CBG-P PSME",268,2.34,0.7465,0.874,0.743,0.1571,60,185,396,13,"CB","G","P","PSME",0.18479865410498,0.93129865410498,0.247553454929645,259.4,132.7,409,1255.86290861171,39.9174029632084,3.17848410757946,245,75.5102040816327,95.4524755549478,4.54752444505225,0.0454752444505225,0.755102040816326,TRUE
"37",673,FALSE,"CBG-P PSME",NA,NA,0.0712,0.0841,0.0558,0.0174,53,8,61,2,"CB","G","P","PSME",0.0262247311827957,0.0974247311827957,0.368324876162861,236.8,113.1,63,207.195118670707,6.57762281494309,3.17460317460317,61,13.1147540983607,99.4308969425398,0.569103057460197,0.00569103057460197,0.131147540983607,TRUE
"42",674,FALSE,"CBG-P PSME",55,1.04,0.1225,0.0811,0.0338,0.0138,103,8,165,0,"CB","G","P","PSME",0.0331118343195266,0.155611834319527,0.270300688322666,259.4,132.7,165,506.643960686875,0,0,111,7.20720720720721,99.2414641472849,0.758535852715056,0.00758535852715056,0.0720720720720721,TRUE
"43",675,FALSE,"CBG-P PSME",190,1.2,0.2071,0.1428,0.1033,0.037,74,18,99,0,"CB","G","P","PSME",0.0511481122942885,0.258248112294288,0.246973019286762,236.8,113.1,99,325.592329339683,0,0,92,19.5652173913043,98.6208290570707,1.37917094292935,0.0137917094292935,0.195652173913043,TRUE
"2",676,FALSE,"CBG-G PIRA",75,1.9,0.3678,0.8473,0.7529,0.1822,154,3,286,0,"CB","G","G","PIRA",0.205044574312658,0.572844574312658,0.557489326570576,259.4,132.7,286,878.182865190584,0,0,157,1.91082802547771,21.2533399193645,78.7466600806355,0.787466600806355,0.0191082802547771,TRUE
"4",677,FALSE,"CBG-G PIRA",76,1.63,0.4608,0.8853,0.7126,0.1922,58,3,224,0,"CB","G","G","PIRA",0.238780044905978,0.699580044905978,0.518185861341098,259.4,132.7,224,687.807558750667,0,0,61,4.91803278688525,47.6755858127522,52.3244141872478,0.523244141872478,0.0491803278688525,TRUE
"9",678,FALSE,"CBG-G PIRA",124,2.43,0.8071,3.1557,2.8746,0.4629,212,29,674,0,"CB","G","G","PIRA",0.508165842204133,1.31526584220413,0.629619430311154,259.4,132.7,674,2069.56381516942,0,0,241,12.0331950207469,69.54774944461,30.45225055539,0.3045225055539,0.120331950207469,TRUE
"10",679,FALSE,"CBG-G PIRA",201,2.27,0.7002,4.578,4.158,0.8192,35,338,778,37,"CB","G","G","PIRA",0.901947474747475,1.60214747474747,1.2881283558233,259.4,132.7,815,2502.51410884729,113.611069972208,4.5398773006135,373,90.6166219839142,82.4903382043074,17.5096617956926,0.175096617956926,0.906166219839142,TRUE
"14",680,FALSE,"CBG-G PIRA",61,1.47,0.4146,0.417,0.273,0.1074,155,0,288,0,"CB","G","G","PIRA",0.164050549450549,0.578650549450549,0.39568391087928,259.4,132.7,288,884.324004108001,0,0,155,0,71.2932485778144,28.7067514221856,0.287067514221856,0,TRUE
"17",681,FALSE,"CBG-G PIRA",103,2.2,0.8503,1.2006,1.0025,0.296,75,43,297,5,"CB","G","G","PIRA",0.354491371571072,1.20479137157107,0.416901530719831,259.4,132.7,302,927.311976529917,15.3528472935417,1.65562913907285,118,36.4406779661017,80.7682269762898,19.2317730237102,0.192317730237102,0.364406779661017,TRUE
"21",682,FALSE,"CBG-G PIRA",248,2.27,0.8876,2.3143,1.898,0.2153,189,399,721,31,"CB","G","G","PIRA",0.262523071654373,1.15012307165437,0.295767318222592,259.4,132.7,752,2309.06823294867,95.1876532199584,4.12234042553191,588,67.8571428571429,92.0648330961747,7.93516690382528,0.0793516690382528,0.678571428571429,TRUE
"24",683,FALSE,"CBG-G PIRA",140,2.09,0.5888,0.8255,0.6855,0.1798,32,64,346,2,"CB","G","G","PIRA",0.21652064186725,0.80532064186725,0.367732068388672,259.4,132.7,348,1068.5581716305,6.14113891741667,0.574712643678161,96,66.6666666666667,77.1607099898608,22.8392900101392,0.228392900101392,0.666666666666667,TRUE
"26",684,FALSE,"CBG-G PIRA",119,1.68,0.1702,0.6575,0.4572,0.0619,120,60,214,4,"CB","G","G","PIRA",0.0890184820647419,0.259218482064742,0.523022808841022,259.4,132.7,218,669.384141998417,12.2822778348333,1.8348623853211,180,33.3333333333333,90.6491429640322,9.35085703596781,0.0935085703596781,0.333333333333333,TRUE
"28",685,FALSE,"CBG-G PIRA",213,1.84,0.5242,0.5739,0.432,0.0714,49,71,194,8,"CB","G","G","PIRA",0.0948529166666667,0.619052916666667,0.180947952435457,259.4,132.7,202,620.255030659084,24.5645556696667,3.96039603960396,120,59.1666666666667,96.5694759617061,3.43052403829387,0.0343052403829387,0.591666666666667,TRUE
"31",686,FALSE,"CBG-G PIRA",240,1.4,0.3139,0.6047,0.4946,0.0377,19,182,121,17,"CB","G","G","PIRA",0.0460921754953498,0.35999217549535,0.146837131237177,259.4,132.7,138,423.73858530175,52.1996807980417,12.3188405797101,201,90.547263681592,98.1392970175695,1.86070298243045,0.0186070298243045,0.90547263681592,TRUE
"34",687,FALSE,"CBG-G PIRA",189,2.04,0.6466,2.84,2.209,0.1675,169,654,513,44,"CB","G","G","PIRA",0.215346310547759,0.861946310547759,0.333044093021589,259.4,132.7,557,1710.30718850054,135.105056183167,7.89946140035907,823,79.4653705953828,95.4524755549478,4.54752444505225,0.0454752444505225,0.794653705953828,TRUE
"39",688,FALSE,"CBG-G PIRA",54,0.78,0.0835,NA,NA,NA,NA,NA,NA,NA,"CB","G","G","PIRA",NA,NA,NA,259.4,132.7,NA,NA,NA,NA,NA,NA,99.4308969425398,0.569103057460197,0.00569103057460197,NA,FALSE
"41",689,FALSE,"CBG-G PIRA",48,1.71,0.4263,0.6651,0.551,0.0703,189,40,338,1,"CB","G","G","PIRA",0.0848575862068966,0.511157586206897,0.199056031449441,259.4,132.7,339,1040.92304650213,3.07056945870834,0.294985250737463,229,17.4672489082969,99.2414641472849,0.758535852715056,0.00758535852715056,0.174672489082969,TRUE
"45",690,FALSE,"CBG-G PIRA",75,1.52,0.264,0.3135,0.244,0.0575,138,209,234,17,"CB","G","G","PIRA",0.0738780737704918,0.337878073770492,0.27984118852459,259.4,132.7,251,770.712934135792,52.1996807980417,6.77290836653386,347,60.2305475504323,98.6208290570707,1.37917094292935,0.0137917094292935,0.602305475504323,TRUE
"1",691,FALSE,"CBG-G PICO",47,1.18,0.0837,0.0621,0.0361,0.0085,42,16,56,0,"CB","G","G","PICO",0.0146218836565097,0.0983218836565097,0.174693950495934,259.4,132.7,56,171.951889687667,0,0,58,27.5862068965517,21.2533399193645,78.7466600806355,0.787466600806355,0.275862068965517,TRUE
"6",692,FALSE,"CBG-G PICO",27,0.98,0.0521,0.0627,0.045,0.0176,139,0,85,0,"CB","G","G","PICO",0.0245226666666667,0.0766226666666667,0.470684580934101,259.4,132.7,85,260.998403990209,0,0,139,0,47.6755858127522,52.3244141872478,0.523244141872478,0,TRUE
"7",693,FALSE,"CBG-G PICO",27,0.89,0.0576,0.0977,0.0691,0.0122,140,7,66,0,"CB","G","G","PICO",0.017249493487699,0.074849493487699,0.29947037305033,259.4,132.7,66,202.65758427475,0,0,147,4.76190476190476,69.54774944461,30.45225055539,0.3045225055539,0.0476190476190476,TRUE
"12",694,FALSE,"CBG-G PICO",61,0.96,0.0597,0.062,0.027,0.0101,150,15,93,2,"CB","G","G","PICO",0.0231925925925926,0.0828925925925926,0.388485638066878,259.4,132.7,95,291.704098577292,6.14113891741667,2.10526315789474,165,9.09090909090909,82.4903382043074,17.5096617956926,0.175096617956926,0.0909090909090909,TRUE
"15",695,FALSE,"CBG-G PICO",40,0.99,0.082,0.0468,0.028,0.0127,151,22,134,0,"CB","G","G","PICO",0.0212271428571429,0.103227142857143,0.258867595818815,259.4,132.7,134,411.456307466917,0,0,173,12.7167630057803,71.2932485778144,28.7067514221856,0.287067514221856,0.127167630057803,TRUE
"18",696,FALSE,"CBG-G PICO",75,1.42,0.1817,0.1661,0.1242,0.0343,96,378,194,50,"CB","G","G","PICO",0.0458714170692432,0.227571417069243,0.252456890859896,259.4,132.7,244,749.218947924834,153.528472935417,20.4918032786885,474,79.746835443038,80.7682269762898,19.2317730237102,0.192317730237102,0.79746835443038,TRUE
"20",697,FALSE,"CBG-G PICO",73,0.7,0.0741,0.1949,0.1007,0.0149,263,8,137,0,"CB","G","G","PICO",0.0288382323733863,0.102938232373386,0.389179924067291,259.4,132.7,137,420.668015843042,0,0,271,2.9520295202952,92.0648330961747,7.93516690382528,0.0793516690382528,0.029520295202952,TRUE
"22",698,FALSE,"CBG-G PICO",68,1.13,0.0983,0.1666,0.1168,0.0181,251,1,126,0,"CB","G","G","PICO",0.0258172945205479,0.124117294520548,0.262637787594587,236.8,113.1,126,414.390237341414,0,0,252,0.396825396825397,77.1607099898608,22.8392900101392,0.228392900101392,0.00396825396825397,TRUE
"27",699,FALSE,"CBG-G PICO",42,0.88,0.0742,0.1485,0.0784,0.0263,479,6,176,0,"CB","G","G","PICO",0.0498156887755102,0.12401568877551,0.671370468672644,259.4,132.7,176,540.420224732667,0,0,485,1.23711340206186,90.6491429640322,9.35085703596781,0.0935085703596781,0.0123711340206186,TRUE
"30",700,FALSE,"CBG-G PICO",50,0.59,0.0389,0.03,0.0124,0.0046,89,0,56,0,"CB","G","G","PICO",0.0111290322580645,0.0500290322580645,0.286093374243304,259.4,132.7,56,171.951889687667,0,0,89,0,96.5694759617061,3.43052403829387,0.0343052403829387,0,TRUE
"33",701,FALSE,"CBG-G PICO",60,0.73,0.0517,0.1337,0.0851,0.0669000000000002,182,17,123,0,"CB","G","G","PICO",0.105106110458285,0.156806110458285,2.0330002022879,259.4,132.7,123,377.680043421125,0,0,199,8.5427135678392,98.1392970175695,1.86070298243045,0.0186070298243045,0.085427135678392,TRUE
"36",702,FALSE,"CBG-G PICO",76,0.86,0.0819,0.077,0.0455,0.0129,214,20,142,2,"CB","G","G","PICO",0.0218307692307692,0.103730769230769,0.266553958861651,259.4,132.7,144,442.162002054,6.14113891741667,1.38888888888889,234,8.54700854700855,95.4524755549478,4.54752444505225,0.0454752444505225,0.0854700854700855,TRUE
"38",703,FALSE,"CBG-G PICO",61,0.66,0.042,0.118,0.06,0.0066,148,0,80,0,"CB","G","G","PICO",0.01298,0.05498,0.309047619047619,259.4,132.7,80,245.645556696667,0,0,148,0,99.4308969425398,0.569103057460197,0.00569103057460197,0,TRUE
"40",704,FALSE,"CBG-G PICO",75,0.6,0.0413,0.053,0.028,0.0051,184,13,87,0,"CB","G","G","PICO",0.00965357142857143,0.0509535714285714,0.233742649602214,236.8,113.1,87,286.126592450024,0,0,197,6.5989847715736,99.2414641472849,0.758535852715056,0.00758535852715056,0.065989847715736,TRUE
"44",705,FALSE,"CBG-G PICO",75,1.01,0.0854,0.0587,0.0408,0.0104,14,223,104,13,"CB","G","G","PICO",0.0149627450980392,0.100362745098039,0.175207788033246,259.4,132.7,117,359.256626668875,39.9174029632084,11.1111111111111,237,94.0928270042194,98.6208290570707,1.37917094292935,0.0137917094292935,0.940928270042194,TRUE
"3",706,FALSE,"CBG-G PSME",59,0.71,0.0429,0.1287,0.0705,0.0174,20,2,65,1,"CB","G","G","PSME",0.0317642553191489,0.0746642553191489,0.740425531914894,259.4,132.7,66,202.65758427475,3.07056945870834,1.51515151515152,22,9.09090909090909,21.2533399193645,78.7466600806355,0.787466600806355,0.0909090909090909,TRUE
"5",707,FALSE,"CBG-G PSME",49,1.39,0.1271,0.144,0.1087,0.0426,60,0,119,0,"CB","G","G","PSME",0.0564342226310947,0.183534222631095,0.444014340134498,259.4,132.7,119,365.397765586292,0,0,60,0,47.6755858127522,52.3244141872478,0.523244141872478,0,TRUE
"8",708,FALSE,"CBG-G PSME",60,1.12,0.0897,0.3754,0.2541,0.0485,102,9,160,2,"CB","G","G","PSME",0.0716524990161354,0.161352499016135,0.798801549789692,236.8,113.1,162,532.78744801039,6.57762281494309,1.23456790123457,111,8.10810810810811,69.54774944461,30.45225055539,0.3045225055539,0.0810810810810811,TRUE
"11",709,FALSE,"CBG-G PSME",81,1.61,0.2128,0.5536,0.4605,0.0989,160,0,233,0,"CB","G","G","PSME",0.118894766558089,0.331694766558089,0.558716008261697,259.4,132.7,233,715.442683879042,0,0,160,0,82.4903382043074,17.5096617956926,0.175096617956926,0,TRUE
"13",710,FALSE,"CBG-G PSME",47,0.86,0.096,0.5033,0.3981,0.1351,146,7,208,1,"CB","G","G","PSME",0.170800879176087,0.266800879176087,1.7791758247509,236.8,113.1,209,687.361584161553,3.28881140747154,0.478468899521531,153,4.57516339869281,71.2932485778144,28.7067514221856,0.287067514221856,0.0457516339869281,TRUE
"16",711,FALSE,"CBG-G PSME",74,1.05,0.1742,0.8592,0.7197,0.0974,221,69,306,6,"CB","G","G","PSME",0.116279116298458,0.290479116298458,0.667503537878632,259.4,132.7,312,958.017671117001,18.42341675225,1.92307692307692,290,23.7931034482759,80.7682269762898,19.2317730237102,0.192317730237102,0.237931034482759,TRUE
"19",712,FALSE,"CBG-G PSME",76,1.37,0.1371,0.2472,0.1885,0.0567,219,2,137,0,"CB","G","G","PSME",0.0743567108753316,0.211456710875332,0.542353835706284,259.4,132.7,137,420.668015843042,0,0,221,0.904977375565611,92.0648330961747,7.93516690382528,0.0793516690382528,0.00904977375565611,TRUE
"23",713,FALSE,"CBG-G PSME",76,1.29,0.1842,0.446,0.322,0.0957,210,9,269,0,"CB","G","G","PSME",0.132553416149068,0.316753416149068,0.719616808626864,259.4,132.7,269,825.983184392542,0,0,219,4.10958904109589,77.1607099898608,22.8392900101392,0.228392900101392,0.0410958904109589,TRUE
"25",714,FALSE,"CBG-G PSME",67,1.26,0.1575,0.6238,0.4584,0.0921,137,56,318,4,"CB","G","G","PSME",0.125331544502618,0.282831544502618,0.795755838111859,259.4,132.7,322,988.723365704084,12.2822778348333,1.24223602484472,193,29.0155440414508,90.6491429640322,9.35085703596781,0.0935085703596781,0.290155440414508,TRUE
"29",715,FALSE,"CBG-G PSME",92,1.27,0.1518,0.526,0.4102,0.0585,183,1,187,0,"CB","G","G","PSME",0.075014627011214,0.226814627011214,0.494167503367682,259.4,132.7,187,574.196488778459,0,0,184,0.543478260869565,96.5694759617061,3.43052403829387,0.0343052403829387,0.00543478260869565,TRUE
"32",716,FALSE,"CBG-G PSME",59,0.77,0.0058,0.1852,0.1216,0.0882000000000001,56,57,97,5,"CB","G","G","PSME",0.134330921052632,0.140130921052632,23.1605036297641,259.4,132.7,102,313.19808478825,15.3528472935417,4.90196078431373,113,50.4424778761062,98.1392970175695,1.86070298243045,0.0186070298243045,0.504424778761062,TRUE
"35",717,FALSE,"CBG-G PSME",126,1.22,0.2168,0.2266,0.1601,0.0602,139,6,183,1,"CB","G","G","PSME",0.0852049968769519,0.302004996876952,0.393011978214723,259.4,132.7,184,564.984780402334,3.07056945870834,0.543478260869565,145,4.13793103448276,95.4524755549478,4.54752444505225,0.0454752444505225,0.0413793103448276,TRUE
"37",718,FALSE,"CBG-G PSME",130,0.51,0.0817,0.115,0.0807,0.0222,59,0,90,0,"CB","G","G","PSME",0.031635687732342,0.113335687732342,0.387217720102105,236.8,113.1,90,295.993026672439,0,0,59,0,99.4308969425398,0.569103057460197,0.00569103057460197,0,TRUE
"42",719,FALSE,"CBG-G PSME",160,1.11,0.1587,0.1151,0.0843,0.0292,105,0,151,0,"CB","G","G","PSME",0.0398685646500593,0.198568564650059,0.25121968903629,259.4,132.7,151,463.655988264959,0,0,105,0,99.2414641472849,0.758535852715056,0.00758535852715056,0,TRUE
"43",720,FALSE,"CBG-G PSME",125,1,0.1458,0.2635,0.1837,0.0349,116,5,171,0,"CB","G","G","PSME",0.0500606967882417,0.195860696788242,0.343351829823331,236.8,113.1,171,562.386750677634,0,0,121,4.13223140495868,98.6208290570707,1.37917094292935,0.0137917094292935,0.0413223140495868,TRUE
"1",721,FALSE,"MWP-P PIRA",151,2.37,0.9251,2.5108,2.221,0.4451,14,574,682,92,"MW","P","P","PIRA",0.503177433588474,1.42827743358847,0.543916802062992,259.4,132.7,774,2376.62076104025,282.492390201167,11.8863049095607,588,97.6190476190476,21.2533399193645,78.7466600806355,0.787466600806355,0.976190476190476,TRUE
"5",722,FALSE,"MWP-P PIRA",201,3.8,2.3961,4.777,4.328,1.0294,3,1210,1130,55,"MW","P","P","PIRA",1.13619311460259,3.53229311460259,0.474184347315466,259.4,132.7,1185,3638.62480856938,168.881320228958,4.64135021097046,1213,99.7526793075021,47.6755858127522,52.3244141872478,0.523244141872478,0.997526793075021,TRUE
"8",723,FALSE,"MWP-P PIRA",225,2.62,1.1533,4.683,4.053,0.4774,95,258,723,45,"MW","P","P","PIRA",0.55160725388601,1.70490725388601,0.478286008745348,236.8,113.1,768,2525.80716093814,147.996513336219,5.859375,353,73.0878186968839,69.54774944461,30.45225055539,0.3045225055539,0.730878186968839,TRUE
"12",724,FALSE,"MWP-P PIRA",310,4.85,2.9626,6.757,6.143,1.1251,37,702,1636,65,"MW","P","P","PIRA",1.23755505453362,4.20015505453362,0.417726002340382,259.4,132.7,1701,5223.03864926288,199.587014816042,3.82128159905938,739,94.9932341001353,82.4903382043074,17.5096617956926,0.175096617956926,0.949932341001353,TRUE
"13",725,FALSE,"MWP-P PIRA",138,2.32,0.6703,2.25,1.69,0.3375,34,104,460,25,"MW","P","P","PIRA",0.449334319526627,1.11963431952663,0.670348082241724,236.8,113.1,485,1595.0735326237,82.2202851867886,5.15463917525773,138,75.3623188405797,71.2932485778144,28.7067514221856,0.287067514221856,0.753623188405797,TRUE
"16",726,FALSE,"MWP-P PIRA",116,1.83,0.5298,1.9122,1.6361,0.2519,58,50,454,6,"MW","P","P","PIRA",0.294409375955015,0.824209375955015,0.555699086362807,259.4,132.7,460,1412.46195100583,18.42341675225,1.30434782608696,108,46.2962962962963,80.7682269762898,19.2317730237102,0.192317730237102,0.462962962962963,TRUE
"20",727,FALSE,"MWP-P PIRA",257,1.95,0.7295,1.8731,1.3914,0.1182,19,378,406,84,"MW","P","P","PIRA",0.159120612332902,0.888620612332902,0.218122840757919,259.4,132.7,490,1504.57903476708,257.9278345315,17.1428571428571,397,95.2141057934509,92.0648330961747,7.93516690382528,0.0793516690382528,0.952141057934509,TRUE
"22",728,FALSE,"MWP-P PIRA",285,2.87,1.5023,4.606,4.2457,0.5377,121,651,686,86,"MW","P","P","PIRA",0.583330475539958,2.08563047553996,0.388291603235012,236.8,113.1,772,2538.96240656803,282.837781042553,11.139896373057,772,84.3264248704663,77.1607099898608,22.8392900101392,0.228392900101392,0.843264248704663,TRUE
"27",729,FALSE,"MWP-P PIRA",403,3.37,2.4538,5.4441,4.8534,0.5271,171,552,1136,49,"MW","P","P","PIRA",0.591252546668315,3.04505254666832,0.240953845736537,259.4,132.7,1185,3638.62480856938,150.457903476708,4.13502109704641,723,76.3485477178423,90.6491429640322,9.35085703596781,0.0935085703596781,0.763485477178423,TRUE
"33",730,FALSE,"MWP-P PIRA",139,1.31,0.1216,1.0806,0.844,0.1792,28,93,313,17,"MW","P","P","PIRA",0.229435450236967,0.351035450236967,1.88680468944874,259.4,132.7,330,1013.28792137375,52.1996807980417,5.15151515151515,121,76.8595041322314,98.1392970175695,1.86070298243045,0.0186070298243045,0.768595041322314,TRUE
"35",731,FALSE,"MWP-P PIRA",409,3.2,1.1616,1.289,0.994,0.1991,407,474,388,36,"MW","P","P","PIRA",0.258189034205231,1.41978903420523,0.222270174074752,259.4,132.7,424,1301.92145049233,110.5405005135,8.49056603773585,881,53.8024971623156,95.4524755549478,4.54752444505225,0.0454752444505225,0.538024971623156,TRUE
"37",732,FALSE,"MWP-P PIRA",163,1.03,0.192,0.4345,0.2864,0.0603,84,20,147,2,"MW","P","P","PIRA",0.0914816689944134,0.283481668994413,0.47646702601257,236.8,113.1,149,490.03289971326,6.57762281494309,1.34228187919463,104,19.2307692307692,99.4308969425398,0.569103057460197,0.00569103057460197,0.192307692307692,TRUE
"40",733,FALSE,"MWP-P PIRA",198,1.34,0.2082,0.2695,0.1921,0.0429,122,37,216,3,"MW","P","P","PIRA",0.0601850598646538,0.268385059864654,0.289073294258664,236.8,113.1,219,720.249698236268,9.86643422241463,1.36986301369863,159,23.2704402515723,99.2414641472849,0.758535852715056,0.00758535852715056,0.232704402515723,TRUE
"43",734,FALSE,"MWP-P PIRA",119,1.04,0.227,0.5158,0.4168,0.0451,36,106,180,14,"MW","P","P","PIRA",0.0558123320537428,0.282812332053743,0.24586930420151,236.8,113.1,194,638.029413049479,46.0433597046016,7.21649484536082,142,74.6478873239437,98.6208290570707,1.37917094292935,0.0137917094292935,0.746478873239437,TRUE
"29",735,FALSE,"MWP-P PIRA",NA,NA,NA,NA,NA,NA,NA,NA,NA,NA,"MW","P","P","PIRA",NA,NA,NA,259.4,132.7,NA,NA,NA,NA,NA,NA,96.5694759617061,3.43052403829387,0.0343052403829387,NA,FALSE
"3",736,FALSE,"MWP-P PICO",120,1.58,0.5349,1.3825,1.0298,0.1835,23,1231,381,237,"MW","P","P","PICO",0.246347591765391,0.781247591765391,0.460548872247881,259.4,132.7,618,1897.61192548175,727.724961713876,38.3495145631068,1254,98.1658692185008,21.2533399193645,78.7466600806355,0.787466600806355,0.981658692185008,TRUE
"4",737,FALSE,"MWP-P PICO",19,0.35,NA,NA,NA,NA,NA,NA,NA,NA,"MW","P","P","PICO",NA,NA,NA,259.4,132.7,NA,NA,NA,NA,NA,NA,47.6755858127522,52.3244141872478,0.523244141872478,NA,FALSE
"9",738,FALSE,"MWP-P PICO",167,1.77,0.508,1.7038,1.4226,0.1198,57,828,444,130,"MW","P","P","PICO",0.143480416139463,0.651480416139463,0.282441764054061,259.4,132.7,574,1762.50686929858,399.174029632084,22.6480836236934,885,93.5593220338983,69.54774944461,30.45225055539,0.3045225055539,0.935593220338983,TRUE
"11",739,FALSE,"MWP-P PICO",1.54,2.3,0.8922,2.7305,2.344,0.2583,28,1553,684,111,"MW","P","P","PICO",0.300890848976109,1.19309084897611,0.33724596388266,259.4,132.7,795,2441.10271967313,340.833209916625,13.9622641509434,1581,98.2289690069576,82.4903382043074,17.5096617956926,0.175096617956926,0.982289690069576,TRUE
"14",740,FALSE,"MWP-P PICO",61,1.18,0.2126,0.283,0.1963,0.0637,40,375,265,32,"MW","P","P","PICO",0.0918344370860927,0.304434437086093,0.431958782154716,259.4,132.7,297,911.959129236376,98.2582226786667,10.7744107744108,415,90.3614457831325,71.2932485778144,28.7067514221856,0.287067514221856,0.903614457831325,TRUE
"17",741,FALSE,"MWP-P PICO",181,1.73,1.2219,1.5283,1.114,0.2071,80,865,612,41,"MW","P","P","PICO",0.284121122082585,1.50602112208259,0.232524038041235,259.4,132.7,653,2005.08185653654,125.893347807042,6.27871362940276,945,91.5343915343915,80.7682269762898,19.2317730237102,0.192317730237102,0.915343915343915,TRUE
"19",742,FALSE,"MWP-P PICO",175,1.33,0.2137,0.4051,0.3338,0.0336,13,297,189,33,"MW","P","P","PICO",0.0407769922109047,0.254476992210905,0.190814189101098,259.4,132.7,222,681.666419833251,101.328792137375,14.8648648648649,310,95.8064516129032,92.0648330961747,7.93516690382528,0.0793516690382528,0.958064516129032,TRUE
"23",743,FALSE,"MWP-P PICO",24,1,0.0215,0.314,0.2114,0.0324,18,350,257,36,"MW","P","P","PICO",0.0481248817407758,0.0696248817407758,2.23836659259422,259.4,132.7,293,899.676851401542,110.5405005135,12.2866894197952,368,95.1086956521739,77.1607099898608,22.8392900101392,0.228392900101392,0.951086956521739,TRUE
"25",744,FALSE,"MWP-P PICO",114,1.26,0.228,0.8412,0.6996,0.077,50,707,273,157,"MW","P","P","PICO",0.0925849056603773,0.320584905660377,0.406074147633234,259.4,132.7,430,1320.34486724458,482.079405017209,36.5116279069767,757,93.3949801849406,90.6491429640322,9.35085703596781,0.0935085703596781,0.933949801849405,TRUE
"28",745,FALSE,"MWP-P PICO",122,1.16,0.1688,0.2065,0.134,0.0194,16,263,142,20,"MW","P","P","PICO",0.0298962686567164,0.198696268656716,0.177110596307562,259.4,132.7,162,497.43225231075,61.4113891741667,12.3456790123457,279,94.2652329749104,96.5694759617061,3.43052403829387,0.0343052403829387,0.942652329749104,TRUE
"32",746,FALSE,"MWP-P PICO",102,0.78,0.0478,0.1579,0.0888,0.009,202,1,60,25,"MW","P","P","PICO",0.0160033783783784,0.0638033783783784,0.334798710844736,259.4,132.7,85,260.998403990209,76.7642364677084,29.4117647058824,203,0.492610837438424,98.1392970175695,1.86070298243045,0.0186070298243045,0.00492610837438424,TRUE
"34",747,FALSE,"MWP-P PICO",181,1.64,0.352,0.4328,0.3104,0.0326,51,281,212,16,"MW","P","P","PICO",0.0454551546391753,0.397455154639175,0.129133962043112,259.4,132.7,228,700.089836585501,49.1291113393334,7.01754385964912,332,84.6385542168675,95.4524755549478,4.54752444505225,0.0454752444505225,0.846385542168675,TRUE
"39",748,FALSE,"MWP-P PICO",34,0.37,0.0073,NA,NA,NA,NA,NA,NA,NA,"MW","P","P","PICO",NA,NA,NA,259.4,132.7,NA,NA,NA,NA,NA,NA,99.4308969425398,0.569103057460197,0.00569103057460197,NA,FALSE
"42",749,FALSE,"MWP-P PICO",65,0.44,0.0141,0.0045,6e-04,4e-04,NA,NA,NA,NA,"MW","P","P","PICO",0.003,0.0171,0.212765957446809,259.4,132.7,NA,NA,NA,NA,NA,NA,99.2414641472849,0.758535852715056,0.00758535852715056,NA,FALSE
"45",750,FALSE,"MWP-P PICO",150,1.24,0.1755,0.106,0.0484,0.0128,22,221,119,26,"MW","P","P","PICO",0.0280330578512397,0.20353305785124,0.159732523368887,259.4,132.7,145,445.232571512709,79.8348059264167,17.9310344827586,243,90.9465020576132,98.6208290570707,1.37917094292935,0.0137917094292935,0.909465020576132,TRUE
"2",751,FALSE,"MWP-P PSME",105,1.98,0.7109,2.6632,2.3536,0.3456,282,194,612,30,"MW","P","P","PSME",0.391061318830727,1.10196131883073,0.550093288550749,259.4,132.7,642,1971.30559249075,92.1170837612501,4.67289719626168,476,40.7563025210084,21.2533399193645,78.7466600806355,0.787466600806355,0.407563025210084,TRUE
"6",752,FALSE,"MWP-P PSME",93,2.28,0.7172,1.641,1.456,0.4466,477,169,803,9,"MW","P","P","PSME",0.503345192307692,1.22054519230769,0.701819844266163,259.4,132.7,812,2493.30240047117,27.635125128375,1.10837438423645,646,26.1609907120743,47.6755858127522,52.3244141872478,0.523244141872478,0.261609907120743,TRUE
"7",753,FALSE,"MWP-P PSME",91,1.44,0.2187,0.698,0.5845,0.1591,193,18,273,1,"MW","P","P","PSME",0.189994525235244,0.408694525235244,0.868744971354567,259.4,132.7,274,841.336031686084,3.07056945870834,0.364963503649635,211,8.53080568720379,69.54774944461,30.45225055539,0.3045225055539,0.0853080568720379,TRUE
"10",754,FALSE,"MWP-P PSME",115,1.68,0.3147,1.2221,0.9196,0.125,193,61,262,4,"MW","P","P","PSME",0.166118421052632,0.480818421052632,0.527862793303564,259.4,132.7,266,816.771476016417,12.2822778348333,1.50375939849624,254,24.0157480314961,82.4903382043074,17.5096617956926,0.175096617956926,0.240157480314961,TRUE
"15",755,FALSE,"MWP-P PSME",79,1.57,0.2133,0.505,0.279,0.0958,70,56,266,3,"MW","P","P","PSME",0.173401433691756,0.386701433691756,0.81294624328062,259.4,132.7,269,825.983184392542,9.21170837612501,1.11524163568773,126,44.4444444444444,71.2932485778144,28.7067514221856,0.287067514221856,0.444444444444444,TRUE
"18",756,FALSE,"MWP-P PSME",178,2.56,1.5328,2.485,2.035,0.5104,699,289,1112,18,"MW","P","P","PSME",0.623264864864865,2.15606486486486,0.406618518309541,259.4,132.7,1130,3469.74348834042,55.27025025675,1.5929203539823,988,29.251012145749,80.7682269762898,19.2317730237102,0.192317730237102,0.29251012145749,TRUE
"21",757,FALSE,"MWP-P PSME",108,0.85,0.0558,0.218,0.1422,0.0685,133,0,252,0,"MW","P","P","PSME",0.105014064697609,0.160814064697609,1.88197248562023,259.4,132.7,252,773.783503594501,0,0,133,0,92.0648330961747,7.93516690382528,0.0793516690382528,0,TRUE
"24",758,FALSE,"MWP-P PSME",70,0.91,0.0291,NA,NA,NA,NA,NA,NA,NA,"MW","P","P","PSME",NA,NA,NA,259.4,132.7,NA,NA,NA,NA,NA,NA,77.1607099898608,22.8392900101392,0.228392900101392,NA,FALSE
"26",759,FALSE,"MWP-P PSME",214,1.78,0.7334,2.49,2.2326,0.2774,84,376,517,48,"MW","P","P","PSME",0.309381886589626,1.04278188658963,0.42184604116393,259.4,132.7,565,1734.87174417021,147.387334018,8.49557522123894,460,81.7391304347826,90.6491429640322,9.35085703596781,0.0935085703596781,0.817391304347826,TRUE
"30",760,FALSE,"MWP-P PSME",194,1.42,0.2432,0.23,0.119,0.0334,77,84,196,6,"MW","P","P","PSME",0.0645546218487395,0.307754621848739,0.265438412206988,259.4,132.7,202,620.255030659084,18.42341675225,2.97029702970297,161,52.1739130434783,96.5694759617061,3.43052403829387,0.0343052403829387,0.521739130434783,TRUE
"31",761,FALSE,"MWP-P PSME",87,0.83,0.1276,0.3822,0.2925,0.0278,71,25,140,4,"MW","P","P","PSME",0.0363253333333333,0.163925333333333,0.284681295715778,259.4,132.7,144,442.162002054,12.2822778348333,2.77777777777778,96,26.0416666666667,98.1392970175695,1.86070298243045,0.0186070298243045,0.260416666666667,TRUE
"36",762,FALSE,"MWP-P PSME",60,0.98,0.0564,0.123,0.0724,0.0244,117,11,121,1,"MW","P","P","PSME",0.0414530386740332,0.0978530386740332,0.734982955213354,259.4,132.7,122,374.609473962417,3.07056945870834,0.819672131147541,128,8.59375,95.4524755549478,4.54752444505225,0.0454752444505225,0.0859375,TRUE
"38",763,FALSE,"MWP-P PSME",65,0.73,0.0336,0.4941,0.3297,0.0321,102,0,127,0,"MW","P","P","PSME",0.0481061874431301,0.0817061874431301,1.43173176914078,259.4,132.7,127,389.962321255959,0,0,102,0,99.4308969425398,0.569103057460197,0.00569103057460197,0,TRUE
"41",764,FALSE,"MWP-P PSME",102,0.91,0.0755,0.051,0.0187,0.0077,82,4,77,0,"MW","P","P","PSME",0.021,0.0965,0.278145695364238,259.4,132.7,77,236.433848320542,0,0,86,4.65116279069767,99.2414641472849,0.758535852715056,0.00758535852715056,0.0465116279069767,TRUE
"44",765,FALSE,"MWP-P PSME",270,1.31,0.2991,0.236,0.128,0.0354,143,60,221,9,"MW","P","P","PSME",0.06526875,0.36436875,0.218217151454363,259.4,132.7,230,706.230975502917,27.635125128375,3.91304347826087,203,29.5566502463054,98.6208290570707,1.37917094292935,0.0137917094292935,0.295566502463054,TRUE
"1",766,FALSE,"MWP-G PIRA",89,2.25,0.5919,1.5999,1.2769,0.3455,75,310,417,34,"MW","P","G","PIRA",0.432896428851124,1.02479642885112,0.731367509462956,259.4,132.7,451,1384.82682587746,104.399361596083,7.53880266075388,385,80.5194805194805,21.2533399193645,78.7466600806355,0.787466600806355,0.805194805194805,TRUE
"5",767,FALSE,"MWP-G PIRA",130,1.19,1.5074,2.8726,2.4097,0.4571,12,280,489,26,"MW","P","G","PIRA",0.544908270739096,2.0523082707391,0.361488835570583,259.4,132.7,515,1581.34327123479,79.8348059264167,5.04854368932039,292,95.8904109589041,47.6755858127522,52.3244141872478,0.523244141872478,0.958904109589041,TRUE
"12",768,FALSE,"MWP-G PIRA",170,2.4,0.7472,1.289,0.998,0.2167,60,207,NA,NA,"MW","P","G","PIRA",0.279886072144289,1.02708607214429,0.37457986100681,259.4,132.7,NA,NA,NA,NA,267,77.5280898876404,82.4903382043074,17.5096617956926,0.175096617956926,0.775280898876405,TRUE
"8",769,FALSE,"MWP-G PIRA",124,2.13,0.5149,2.1336,1.487,0.3426,470,25,536,9,"MW","P","G","PIRA",0.491574552790854,1.00647455279085,0.954699073200339,236.8,113.1,545,1792.40221707199,29.5993026672439,1.65137614678899,495,5.05050505050505,69.54774944461,30.45225055539,0.3045225055539,0.0505050505050505,TRUE
"13",770,FALSE,"MWP-G PIRA",122,2.59,0.6379,2.1158,1.5495,0.2618,528,177,654,34,"MW","P","G","PIRA",0.357480761535979,0.995380761535979,0.560402510637998,236.8,113.1,688,2262.70224834042,111.819587854032,4.94186046511628,705,25.1063829787234,71.2932485778144,28.7067514221856,0.287067514221856,0.251063829787234,TRUE
"15",771,FALSE,"MWP-G PIRA",120,2.64,0.8412,2.003,1.737,0.4086,49,584,667,46,"MW","P","G","PIRA",0.471172020725389,1.31237202072539,0.560118902431513,259.4,132.7,713,2189.31602405904,141.246195100583,6.45161290322581,633,92.259083728278,71.2932485778144,28.7067514221856,0.287067514221856,0.92259083728278,TRUE
"20",772,FALSE,"MWP-G PIRA",134,1.8,0.4747,1.496,1.229,0.1731,63,693,409,118,"MW","P","G","PIRA",0.210705939788446,0.685405939788446,0.443871792265527,259.4,132.7,527,1618.19010473929,362.327196127584,22.3908918406072,756,91.6666666666667,92.0648330961747,7.93516690382528,0.0793516690382528,0.916666666666667,TRUE
"22",773,FALSE,"MWP-G PIRA",142,1.94,0.5515,1.7736,1.6066,0.2079,330,326,525,52,"MW","P","G","PIRA",0.229510419519482,0.781010419519482,0.416156699038046,236.8,113.1,577,1897.64418211108,171.01819318852,9.01213171577123,656,49.6951219512195,77.1607099898608,22.8392900101392,0.228392900101392,0.496951219512195,TRUE
"27",774,FALSE,"MWP-G PIRA",154,1.8,0.2546,0.815,0.625,0.2193,129,50,509,6,"MW","P","G","PIRA",0.2859672,0.5405672,1.12320188531029,259.4,132.7,515,1581.34327123479,18.42341675225,1.16504854368932,179,27.9329608938547,90.6491429640322,9.35085703596781,0.0935085703596781,0.279329608938547,TRUE
"29",775,FALSE,"MWP-G PIRA",289,2.89,1.0771,1.3351,1.1404,0.13,90,169,372,13,"MW","P","G","PIRA",0.152194843914416,1.22929484391442,0.141300569969748,259.4,132.7,385,1182.16924160271,39.9174029632084,3.37662337662338,259,65.2509652509653,96.5694759617061,3.43052403829387,0.0343052403829387,0.652509652509653,TRUE
"33",776,FALSE,"MWP-G PIRA",143,1.62,0.2428,0.4591,0.331,0.0431,80,78,177,2,"MW","P","G","PIRA",0.0597800906344411,0.302580090634441,0.246211246435095,259.4,132.7,179,549.631933108792,6.14113891741667,1.11731843575419,158,49.3670886075949,98.1392970175695,1.86070298243045,0.0186070298243045,0.493670886075949,TRUE
"35",777,FALSE,"MWP-G PIRA",385,2.68,1.5558,1.106,0.892,0.2026,24,510,596,54,"MW","P","G","PIRA",0.251205829596413,1.80700582959641,0.161464088955144,259.4,132.7,650,1995.87014816042,165.81075077025,8.30769230769231,534,95.5056179775281,95.4524755549478,4.54752444505225,0.0454752444505225,0.955056179775281,TRUE
"37",778,FALSE,"MWP-G PIRA",167,1.29,0.1449,0.1807,0.1304,0.0129,44,25,58,2,"MW","P","G","PIRA",0.0178759969325153,0.162775996932515,0.123367818719913,236.8,113.1,60,197.328684448293,6.57762281494309,3.33333333333333,69,36.231884057971,99.4308969425398,0.569103057460197,0.00569103057460197,0.36231884057971,TRUE
"40",779,FALSE,"MWP-G PIRA",165,1.22,0.2053,0.496,0.393,0.0432,145,19,213,1,"MW","P","G","PIRA",0.0545221374045802,0.25982213740458,0.26557300245777,236.8,113.1,214,703.80564119891,3.28881140747154,0.467289719626168,164,11.5853658536585,99.2414641472849,0.758535852715056,0.00758535852715056,0.115853658536585,TRUE
"43",780,FALSE,"MWP-G PIRA",133,1.55,0.1413,0.6233,0.5055,0.0404,48,11,112,0,"MW","P","G","PIRA",0.0498146785361029,0.191114678536103,0.352545495655363,236.8,113.1,112,368.346877636813,0,0,59,18.6440677966102,98.6208290570707,1.37917094292935,0.0137917094292935,0.186440677966102,TRUE
"3",781,FALSE,"MWP-G PICO",42,0.81,0.0538,0.126,0.0844,0.0235,225,40,163,1,"MW","P","G","PICO",0.0350829383886256,0.0888829383886256,0.652099226554379,259.4,132.7,164,503.573391228167,3.07056945870834,0.609756097560976,265,15.0943396226415,21.2533399193645,78.7466600806355,0.787466600806355,0.150943396226415,TRUE
"4",782,FALSE,"MWP-G PICO",63,1.18,0.183,0.6529,0.4973,0.0954,3,555,351,59,"MW","P","G","PICO",0.125249668208325,0.308249668208325,0.684424416438934,259.4,132.7,410,1258.93347807042,181.163598063792,14.390243902439,558,99.4623655913979,47.6755858127522,52.3244141872478,0.523244141872478,0.994623655913978,TRUE
"9",783,FALSE,"MWP-G PICO",73,0.88,0.146,0.8918,0.7015,0.0719,89,400,323,34,"MW","P","G","PICO",0.0914047327156094,0.237404732715609,0.626059813120613,259.4,132.7,357,1096.19329675888,104.399361596083,9.52380952380952,489,81.799591002045,69.54774944461,30.45225055539,0.3045225055539,0.81799591002045,TRUE
"11",784,FALSE,"MWP-G PICO",114,1.64,0.4141,0.565,0.394,0.0757,256,545,370,40,"MW","P","G","PICO",0.108554568527919,0.522654568527919,0.262145782487126,259.4,132.7,410,1258.93347807042,122.822778348333,9.75609756097561,801,68.039950062422,82.4903382043074,17.5096617956926,0.175096617956926,0.68039950062422,TRUE
"14",785,FALSE,"MWP-G PICO",57,1.53,0.2887,0.6474,0.5414,0.0772,94,353,253,30,"MW","P","G","PICO",0.0923148873291467,0.381014887329147,0.319760607305669,259.4,132.7,283,868.971156814459,92.1170837612501,10.6007067137809,447,78.9709172259508,71.2932485778144,28.7067514221856,0.287067514221856,0.789709172259508,TRUE
"17",786,FALSE,"MWP-G PICO",109,1.46,0.337,1.0524,0.8968,0.0945,60,739,386,59,"MW","P","G","PICO",0.11089629794826,0.447896297948261,0.329069133377628,259.4,132.7,445,1366.40340912521,181.163598063792,13.2584269662921,799,92.4906132665832,80.7682269762898,19.2317730237102,0.192317730237102,0.924906132665832,TRUE
"19",787,FALSE,"MWP-G PICO",59,0.87,0.073,0.1209,0.0764,0.0153,373,24,172,0,"MW","P","G","PICO",0.0242116492146597,0.0972116492146597,0.331666427598078,259.4,132.7,172,528.137946897834,0,0,397,6.04534005037783,92.0648330961747,7.93516690382528,0.0793516690382528,0.0604534005037783,TRUE
"23",788,FALSE,"MWP-G PICO",74,1.08,0.0685,0.362,0.277,0.0498,303,263,345,21,"MW","P","G","PICO",0.0650815884476534,0.133581588447653,0.950096181717568,259.4,132.7,366,1123.82842188725,64.481958632875,5.73770491803279,566,46.4664310954064,77.1607099898608,22.8392900101392,0.228392900101392,0.464664310954064,TRUE
"25",789,FALSE,"MWP-G PICO",67,0.94,0.0641,0.2025,0.1495,0.0233,309,39,165,3,"MW","P","G","PICO",0.0315602006688963,0.0956602006688963,0.492358824787774,259.4,132.7,168,515.855669063,9.21170837612501,1.78571428571429,348,11.2068965517241,90.6491429640322,9.35085703596781,0.0935085703596781,0.112068965517241,TRUE
"28",790,FALSE,"MWP-G PICO",155,1.07,0.2158,0.23,0.1465,0.03,43,359,193,37,"MW","P","G","PICO",0.047098976109215,0.262898976109215,0.218252901340199,259.4,132.7,230,706.230975502917,113.611069972208,16.0869565217391,402,89.3034825870647,96.5694759617061,3.43052403829387,0.0343052403829387,0.893034825870647,TRUE
"32",791,FALSE,"MWP-G PICO",86,0.75,0.0593,0.1443,0.1111,0.0827999999999998,121,65,96,8,"MW","P","G","PICO",0.107543114311431,0.166843114311431,1.81354324302582,259.4,132.7,104,319.339223705667,24.5645556696667,7.69230769230769,186,34.9462365591398,98.1392970175695,1.86070298243045,0.0186070298243045,0.349462365591398,TRUE
"34",792,FALSE,"MWP-G PICO",116,1.21,0.1915,0.2072,0.1333,0.0176,125,125,160,8,"MW","P","G","PICO",0.0273572393098275,0.218857239309827,0.142857646526514,259.4,132.7,168,515.855669063,24.5645556696667,4.76190476190476,250,50,95.4524755549478,4.54752444505225,0.0454752444505225,0.5,TRUE
"39",793,FALSE,"MWP-G PICO",65,0.62,0.0296,0.0201,0.0101,0.0037,79,31,58,0,"MW","P","G","PICO",0.00736336633663366,0.0369633663366337,0.248762376237624,259.4,132.7,58,178.093028605083,0,0,110,28.1818181818182,99.4308969425398,0.569103057460197,0.00569103057460197,0.281818181818182,TRUE
"42",794,FALSE,"MWP-G PICO",85,0.71,0.0478,0.0357,0.0166,0.0046,122,3,61,0,"MW","P","G","PICO",0.00989277108433735,0.0576927710843374,0.206961738166053,259.4,132.7,61,187.304736981208,0,0,125,2.4,99.2414641472849,0.758535852715056,0.00758535852715056,0.024,TRUE
"45",795,FALSE,"MWP-G PICO",47,0.84,0.0433,0.0446,0.0197,0.0077,96,93,92,3,"MW","P","G","PICO",0.0174324873096447,0.0607324873096447,0.402597859345143,259.4,132.7,95,291.704098577292,9.21170837612501,3.15789473684211,189,49.2063492063492,98.6208290570707,1.37917094292935,0.0137917094292935,0.492063492063492,TRUE
"2",796,FALSE,"MWP-G PSME",NA,NA,NA,NA,NA,NA,NA,NA,NA,NA,"MW","P","G","PSME",NA,NA,NA,259.4,132.7,NA,NA,NA,NA,NA,NA,21.2533399193645,78.7466600806355,0.787466600806355,NA,FALSE
"6",797,FALSE,"MWP-G PSME",45,1.19,0.1441,0.375,0.216,0.0773,191,25,232,3,"MW","P","G","PSME",0.134201388888889,0.278301388888889,0.931307348292081,259.4,132.7,235,721.583822796459,9.21170837612501,1.27659574468085,216,11.5740740740741,47.6755858127522,52.3244141872478,0.523244141872478,0.115740740740741,TRUE
"7",798,FALSE,"MWP-G PSME",61,1.33,0.2104,0.4382,0.3231,0.0891,216,0,197,0,"MW","P","G","PSME",0.120840668523677,0.331240668523677,0.574337778154358,259.4,132.7,197,604.902183365542,0,0,216,0,69.54774944461,30.45225055539,0.3045225055539,0,TRUE
"10",799,FALSE,"MWP-G PSME",58,1.29,0.1597,0.1655,0.0977,0.0227,36,8,77,0,"MW","P","G","PSME",0.0384529170931423,0.198152917093142,0.240782198454241,259.4,132.7,77,236.433848320542,0,0,44,18.1818181818182,82.4903382043074,17.5096617956926,0.175096617956926,0.181818181818182,TRUE
"16",800,FALSE,"MWP-G PSME",67,1.23,0.1438,0.5766,0.469,0.0782,161,9,193,1,"MW","P","G","PSME",0.0961409808102346,0.239940980810235,0.668574275453648,259.4,132.7,194,595.690474989417,3.07056945870834,0.515463917525773,170,5.29411764705882,80.7682269762898,19.2317730237102,0.192317730237102,0.0529411764705882,TRUE
"18",801,FALSE,"MWP-G PSME",63,1.5,0.1673,0.347,0.255,0.102,253,4,274,0,"MW","P","G","PSME",0.1388,0.3061,0.829647340107591,259.4,132.7,274,841.336031686084,0,0,257,1.55642023346304,80.7682269762898,19.2317730237102,0.192317730237102,0.0155642023346304,TRUE
"21",802,FALSE,"MWP-G PSME",84,1.07,0.1235,0.304,0.177,0.0556,138,0,195,0,"MW","P","G","PSME",0.0954937853107345,0.218993785310734,0.773229030856149,259.4,132.7,195,598.761044448125,0,0,138,0,92.0648330961747,7.93516690382528,0.0793516690382528,0,TRUE
"24",803,FALSE,"MWP-G PSME",65,1.08,0.1135,0.164,0.1125,0.04,107,0,115,0,"MW","P","G","PSME",0.0583111111111111,0.171811111111111,0.513754282917279,259.4,132.7,115,353.115487751459,0,0,107,0,77.1607099898608,22.8392900101392,0.228392900101392,0,TRUE
"26",804,FALSE,"MWP-G PSME",52,1.2,0.1509,0.4738,0.375,0.0645,187,6,146,0,"MW","P","G","PSME",0.0814936,0.2323936,0.540050364479788,259.4,132.7,146,448.303140971417,0,0,193,3.10880829015544,90.6491429640322,9.35085703596781,0.0935085703596781,0.0310880829015544,TRUE
"30",805,FALSE,"MWP-G PSME",107,1.27,0.2093,0.278,0.1852,0.0671,199,35,181,3,"MW","P","G","PSME",0.100722462203024,0.310022462203024,0.481234888690988,259.4,132.7,184,564.984780402334,9.21170837612501,1.6304347826087,234,14.957264957265,96.5694759617061,3.43052403829387,0.0343052403829387,0.14957264957265,TRUE
"31",806,FALSE,"MWP-G PSME",166,1.08,0.1532,0.3976,0.3051,0.0286,113,57,192,2,"MW","P","G","PSME",0.0372709275647329,0.190470927564733,0.243282817002173,259.4,132.7,194,595.690474989417,6.14113891741667,1.03092783505155,170,33.5294117647059,98.1392970175695,1.86070298243045,0.0186070298243045,0.335294117647059,TRUE
"36",807,FALSE,"MWP-G PSME",165,1.53,0.3373,0.533,0.37,0.1078,374,13,423,2,"MW","P","G","PSME",0.15529027027027,0.49259027027027,0.460392144293716,259.4,132.7,425,1304.99201995104,6.14113891741667,0.470588235294118,387,3.35917312661499,95.4524755549478,4.54752444505225,0.0454752444505225,0.0335917312661499,TRUE
"38",808,FALSE,"MWP-G PSME",106,0.66,0.0484,0.2258,0.1539,0.0883,39,12,81,1,"MW","P","G","PSME",0.129552566601689,0.177952566601689,2.67670592152251,259.4,132.7,82,251.786695614083,3.07056945870834,1.21951219512195,51,23.5294117647059,99.4308969425398,0.569103057460197,0.00569103057460197,0.235294117647059,TRUE
"41",809,FALSE,"MWP-G PSME",196,1.04,0.1892,0.1855,0.1058,0.0294,167,0,184,0,"MW","P","G","PSME",0.051547258979206,0.240747258979206,0.27244851468925,259.4,132.7,184,564.984780402334,0,0,167,0,99.2414641472849,0.758535852715056,0.00758535852715056,0,TRUE
"44",810,FALSE,"MWP-G PSME",143,1.23,0.1954,0.2791,0.163,0.0462,171,11,174,2,"MW","P","G","PSME",0.0791068711656442,0.274506871165644,0.404845809445467,259.4,132.7,176,540.420224732667,6.14113891741667,1.13636363636364,182,6.04395604395604,98.6208290570707,1.37917094292935,0.0137917094292935,0.0604395604395604,TRUE
"1",811,FALSE,"MWG-P PIRA",134,3.31,1.1052,2.4753,2.0985,0.5175,37,210,419,34,"MW","G","P","PIRA",0.61042065761258,1.71562065761258,0.552316917854307,259.4,132.7,453,1390.96796479488,104.399361596083,7.50551876379691,247,85.0202429149798,21.2533399193645,78.7466600806355,0.787466600806355,0.850202429149798,TRUE
"5",812,FALSE,"MWG-P PIRA",257,NA,3.6419,NA,2.3215,0.2537,19,737,998,83,"MW","G","P","PIRA",NA,NA,NA,259.4,132.7,1081,3319.28558486371,254.857265072792,7.67807585568918,756,97.4867724867725,47.6755858127522,52.3244141872478,0.523244141872478,0.974867724867725,FALSE
"8",813,FALSE,"MWG-P PIRA",192,2.25,0.7294,4.1302,3.4665,0.5441,138,117,883,29,"MW","G","P","PIRA",0.648273999711525,1.37767399971152,0.888777076654133,236.8,113.1,912,2999.39600361405,95.3755308166748,3.17982456140351,255,45.8823529411765,69.54774944461,30.45225055539,0.3045225055539,0.458823529411765,TRUE
"12",814,FALSE,"MWG-P PIRA",325,3.86,2.5117,3.588,3.083,0.6657,19,497,1057,41,"MW","G","P","PIRA",0.774742653259812,3.28644265325981,0.308453498928937,259.4,132.7,1098,3371.48526566175,125.893347807042,3.73406193078324,516,96.3178294573643,82.4903382043074,17.5096617956926,0.175096617956926,0.963178294573643,TRUE
"13",815,FALSE,"MWG-P PIRA",178,3.49,1.1062,4.0407,3.4168,0.4705,76,374,636,80,"MW","G","P","PIRA",0.556412242449075,1.66261224244907,0.50299425280155,236.8,113.1,716,2354.78896774963,263.104912597723,11.1731843575419,450,83.1111111111111,71.2932485778144,28.7067514221856,0.287067514221856,0.831111111111111,TRUE
"16",816,FALSE,"MWG-P PIRA",300,3.95,3.2962,11.3922,11.0231,1.3102,115,1310,2210,120,"MW","G","P","PIRA",1.35407103627836,4.65027103627836,0.410797596104108,259.4,132.7,2330,7154.42683879042,368.468335045,5.15021459227468,1425,91.9298245614035,80.7682269762898,19.2317730237102,0.192317730237102,0.919298245614035,TRUE
"20",817,FALSE,"MWG-P PIRA",403,3.21,2.4103,3.8007,3.25,0.5219,43,1009,752,128,"MW","G","P","PIRA",0.610333947692308,3.02063394769231,0.253219079654942,259.4,132.7,880,2702.10112366334,393.032890714667,14.5454545454545,1052,95.9125475285171,92.0648330961747,7.93516690382528,0.0793516690382528,0.959125475285171,TRUE
"22",818,FALSE,"MWG-P PIRA",195,2.55,1.0839,3.6178,3.3928,0.4611,85,348,674,81,"MW","G","P","PIRA",0.49167872553643,1.57557872553643,0.453620006953068,236.8,113.1,755,2483.05261264102,266.393724005195,10.7284768211921,433,80.3695150115473,77.1607099898608,22.8392900101392,0.228392900101392,0.803695150115474,TRUE
"27",819,FALSE,"MWG-P PIRA",343,3.69,2.3297,3.6985,3.11,0.676,27,1660,942,155,"MW","G","P","PIRA",0.803918327974277,3.13361832797428,0.345073755408111,259.4,132.7,1097,3368.41469620304,475.938266099792,14.1294439380128,1687,98.3995257854179,90.6491429640322,9.35085703596781,0.0935085703596781,0.983995257854179,TRUE
"29",820,FALSE,"MWG-P PIRA",179,1.94,0.6262,1.3368,1.1271,0.0872,168,39,398,0,"MW","G","P","PIRA",0.103423795581581,0.729623795581581,0.16516096387988,259.4,132.7,398,1222.08664456592,0,0,207,18.8405797101449,96.5694759617061,3.43052403829387,0.0343052403829387,0.188405797101449,TRUE
"33",821,FALSE,"MWG-P PIRA",241,1.74,0.4182,0.8739,0.6235,0.0704,12,163,219,43,"MW","G","P","PIRA",0.0986729109863673,0.516872910986367,0.235946702502074,259.4,132.7,262,804.489198181584,132.034486724458,16.412213740458,175,93.1428571428571,98.1392970175695,1.86070298243045,0.0186070298243045,0.931428571428571,TRUE
"35",822,FALSE,"MWG-P PIRA",4.05,2.67,1.211,0.705,0.534,0.1112,6,174,352,19,"MW","G","P","PIRA",0.146808988764045,1.35780898876404,0.121229553066924,259.4,132.7,371,1139.18126918079,58.3408197154584,5.12129380053908,180,96.6666666666667,95.4524755549478,4.54752444505225,0.0454752444505225,0.966666666666667,TRUE
"37",823,FALSE,"MWG-P PIRA",214,1.31,0.2389,0.2554,0.1781,0.022,121,31,136,1,"MW","G","P","PIRA",0.0315485682201011,0.270448568220101,0.13205763172918,236.8,113.1,137,450.567162823601,3.28881140747154,0.72992700729927,152,20.3947368421053,99.4308969425398,0.569103057460197,0.00569103057460197,0.203947368421053,TRUE
"40",824,FALSE,"MWG-P PIRA",NA,NA,NA,NA,NA,NA,NA,NA,NA,NA,"MW","G","P","PIRA",NA,NA,NA,236.8,113.1,NA,NA,NA,NA,NA,NA,99.2414641472849,0.758535852715056,0.00758535852715056,NA,FALSE
"43",825,FALSE,"MWG-P PIRA",290,2.26,0.4642,0.494,0.3718,0.0454,68,98,166,5,"MW","G","P","PIRA",0.0603216783216783,0.524521678321678,0.129947605173801,236.8,113.1,171,562.386750677634,16.4440570373577,2.92397660818713,166,59.0361445783133,98.6208290570707,1.37917094292935,0.0137917094292935,0.590361445783133,TRUE
"3",826,FALSE,"MWG-P PICO",109,1.52,0.3234,1.034,0.771,0.137,87,765,471,86,"MW","G","P","PICO",0.183732814526589,0.507132814526589,0.568128678189823,259.4,132.7,557,1710.30718850054,264.068973448917,15.4398563734291,852,89.7887323943662,21.2533399193645,78.7466600806355,0.787466600806355,0.897887323943662,TRUE
"4",827,FALSE,"MWG-P PICO",70,1.13,0.1431,0.3329,0.2293,0.0487,23,364,289,28,"MW","G","P","PICO",0.0707031399912778,0.213803139991278,0.494082040470145,259.4,132.7,317,973.370518410543,85.9759448438334,8.83280757097792,387,94.0568475452196,47.6755858127522,52.3244141872478,0.523244141872478,0.940568475452196,TRUE
"9",828,FALSE,"MWG-P PICO",161,1.83,0.5616,2.8697,2.5923,0.2381,156,153,830,146,"MW","G","P","PICO",0.2635788951896,0.8251788951896,0.469335639582621,259.4,132.7,976,2996.87579169934,448.303140971417,14.9590163934426,309,49.5145631067961,69.54774944461,30.45225055539,0.3045225055539,0.495145631067961,TRUE
"11",829,FALSE,"MWG-P PICO",169,3.04,1.0758,3.6516,3.1381,0.2875,12,2260,572,148,"MW","G","P","PICO",0.334544788247666,1.41034478824767,0.310973032392327,259.4,132.7,720,2210.81001027,454.444279888834,20.5555555555556,2272,99.4718309859155,82.4903382043074,17.5096617956926,0.175096617956926,0.994718309859155,TRUE
"14",830,FALSE,"MWG-P PICO",NA,NA,1.1878,3.5639,3.0277,0.3448,79,1118,928,56,"MW","G","P","PICO",0.405863434290055,1.59366343429006,0.341693411592907,259.4,132.7,984,3021.440347369,171.951889687667,5.69105691056911,1197,93.4001670843776,71.2932485778144,28.7067514221856,0.287067514221856,0.934001670843776,TRUE
"17",831,FALSE,"MWG-P PICO",235,2.47,1.319,1.8575,1.5967,0.2336,36,1039,380,66,"MW","G","P","PICO",0.271755495709902,1.5907554957099,0.206031459977181,259.4,132.7,446,1369.47397858392,202.65758427475,14.7982062780269,1075,96.6511627906977,80.7682269762898,19.2317730237102,0.192317730237102,0.966511627906977,TRUE
"19",832,FALSE,"MWG-P PICO",214,1.72,0.5752,0.2628,0.1901,0.0395,8,349,166,49,"MW","G","P","PICO",0.0546059968437664,0.629805996843766,0.0949339305350599,259.4,132.7,215,660.172433622292,150.457903476708,22.7906976744186,357,97.7591036414566,92.0648330961747,7.93516690382528,0.0793516690382528,0.977591036414566,TRUE
"23",833,FALSE,"MWG-P PICO",186,1.84,0.579,0.853,0.589,0.0901,59,635,475,73,"MW","G","P","PICO",0.130484380305603,0.709484380305603,0.225361624016585,259.4,132.7,548,1682.67206337217,224.151570485709,13.3211678832117,694,91.4985590778098,77.1607099898608,22.8392900101392,0.228392900101392,0.914985590778098,TRUE
"25",834,FALSE,"MWG-P PICO",23,0.67,0.0333,0.0442,0.0256,0.0057,30,87,52,14,"MW","G","P","PICO",0.00984140625,0.04314140625,0.295537725225225,259.4,132.7,66,202.65758427475,42.9879724219167,21.2121212121212,117,74.3589743589744,90.6491429640322,9.35085703596781,0.0935085703596781,0.743589743589744,TRUE
"28",835,FALSE,"MWG-P PICO",175,1.5,0.2282,0.1583,0.1204,0.0215,9,281,112,26,"MW","G","P","PICO",0.0282678571428571,0.256467857142857,0.123873168899462,259.4,132.7,138,423.73858530175,79.8348059264167,18.8405797101449,290,96.8965517241379,96.5694759617061,3.43052403829387,0.0343052403829387,0.968965517241379,TRUE
"32",836,FALSE,"MWG-P PICO",NA,NA,NA,NA,NA,NA,NA,NA,NA,NA,"MW","G","P","PICO",NA,NA,NA,259.4,132.7,NA,NA,NA,NA,NA,NA,98.1392970175695,1.86070298243045,0.0186070298243045,NA,FALSE
"34",837,FALSE,"MWG-P PICO",209,1.99,0.5402,0.2903,0.2024,0.0294,73,244,138,15,"MW","G","P","PICO",0.0421680830039526,0.582368083003953,0.0780601314401195,259.4,132.7,153,469.797127182375,46.058541880625,9.80392156862745,317,76.9716088328076,95.4524755549478,4.54752444505225,0.0454752444505225,0.769716088328076,TRUE
"39",838,FALSE,"MWG-P PICO",98,0.87,0.0921,0.0531,0.017,0.0038,100,88,106,5,"MW","G","P","PICO",0.0118694117647059,0.103969411764706,0.128875263460433,259.4,132.7,111,340.833209916625,15.3528472935417,4.5045045045045,188,46.8085106382979,99.4308969425398,0.569103057460197,0.00569103057460197,0.468085106382979,TRUE
"42",839,FALSE,"MWG-P PICO",120,0.71,0.0547,0.023,0.0089,0.0041,1,110,46,6,"MW","G","P","PICO",0.0105955056179775,0.0652955056179775,0.193702113674178,259.4,132.7,52,159.669611852833,18.42341675225,11.5384615384615,111,99.0990990990991,99.2414641472849,0.758535852715056,0.00758535852715056,0.990990990990991,TRUE
"45",840,FALSE,"MWG-P PICO",161,1.32,0.1915,0.128,0.0525,0.0131,5,366,135,27,"MW","G","P","PICO",0.0319390476190476,0.223439047619048,0.166783538480666,259.4,132.7,162,497.43225231075,82.9053753851251,16.6666666666667,371,98.6522911051213,98.6208290570707,1.37917094292935,0.0137917094292935,0.986522911051213,TRUE
"2",841,FALSE,"MWG-P PSME",45,1.29,0.0715,0.4686,0.4212,0.0788,106,4,189,0,"MW","G","P","PSME",0.0876678062678063,0.159167806267806,1.2261231645847,259.4,132.7,189,580.337627695875,0,0,110,3.63636363636364,21.2533399193645,78.7466600806355,0.787466600806355,0.0363636363636364,TRUE
"6",842,FALSE,"MWG-P PSME",55,1.36,0.1529,0.3813,0.3372,0.0602,134,10,174,1,"MW","G","P","PSME",0.0680731316725979,0.220973131672598,0.445213418395015,259.4,132.7,175,537.349655273959,3.07056945870834,0.571428571428571,144,6.94444444444444,47.6755858127522,52.3244141872478,0.523244141872478,0.0694444444444444,TRUE
"7",843,FALSE,"MWG-P PSME",168,1.88,0.734,1.7792,1.4773,0.1562,225,120,346,21,"MW","G","P","PSME",0.188120923306031,0.922120923306031,0.25629553583928,259.4,132.7,367,1126.89899134596,64.481958632875,5.72207084468665,345,34.7826086956522,69.54774944461,30.45225055539,0.3045225055539,0.347826086956522,TRUE
"10",844,FALSE,"MWG-P PSME",168,1.78,0.4958,2.026,1.7789,0.1858,197,110,355,11,"MW","G","P","PSME",0.21160874697847,0.70740874697847,0.426802636100181,259.4,132.7,366,1123.82842188725,33.7762640457917,3.00546448087432,307,35.8306188925081,82.4903382043074,17.5096617956926,0.175096617956926,0.358306188925081,TRUE
"15",845,FALSE,"MWG-P PSME",85,1.96,0.4664,1.2005,1.0545,0.267,238,31,673,4,"MW","G","P","PSME",0.303967283072546,0.770367283072546,0.651730881373384,259.4,132.7,677,2078.77552354554,12.2822778348333,0.590841949778434,269,11.5241635687732,71.2932485778144,28.7067514221856,0.287067514221856,0.115241635687732,TRUE
"18",846,FALSE,"MWG-P PSME",74,1.25,0.205,0.834,0.698,0.1859,253,30,458,30,"MW","G","P","PSME",0.222121203438395,0.427121203438395,1.08351806555315,259.4,132.7,488,1498.43789584967,92.1170837612501,6.14754098360656,283,10.6007067137809,80.7682269762898,19.2317730237102,0.192317730237102,0.106007067137809,TRUE
"21",847,FALSE,"MWG-P PSME",187,2.12,0.7088,1.885,1.4856,0.2009,422,26,469,2,"MW","G","P","PSME",0.25491148357566,0.96371148357566,0.359638097595457,259.4,132.7,471,1446.23821505163,6.14113891741667,0.424628450106157,448,5.80357142857143,92.0648330961747,7.93516690382528,0.0793516690382528,0.0580357142857143,TRUE
"24",848,FALSE,"MWG-P PSME",148,2.5,0.9586,1.0285,0.893,0.2929,207,339,715,20,"MW","G","P","PSME",0.337343393057111,1.29594339305711,0.35191257360433,259.4,132.7,735,2256.86855215063,61.4113891741667,2.72108843537415,546,62.0879120879121,77.1607099898608,22.8392900101392,0.228392900101392,0.620879120879121,TRUE
"26",849,FALSE,"MWG-P PSME",224,1.86,0.8555,1.4839,1.2178,0.228,157,192,465,11,"MW","G","P","PSME",0.277820003284612,1.13332000328461,0.32474576655127,259.4,132.7,476,1461.59106234517,33.7762640457917,2.3109243697479,349,55.0143266475645,90.6491429640322,9.35085703596781,0.0935085703596781,0.550143266475645,TRUE
"30",850,FALSE,"MWG-P PSME",251,1.74,0.4953,0.962,0.771,0.149,335,63,602,8,"MW","G","P","PSME",0.185911802853437,0.681211802853437,0.375351913695613,259.4,132.7,610,1873.04736981208,24.5645556696667,1.31147540983607,398,15.8291457286432,96.5694759617061,3.43052403829387,0.0343052403829387,0.158291457286432,TRUE
"31",851,FALSE,"MWG-P PSME",153,1.25,0.1671,0.4551,0.3139,0.0253,98,47,145,2,"MW","G","P","PSME",0.0366805670595731,0.203780567059573,0.219512669416955,259.4,132.7,147,451.373710430125,6.14113891741667,1.36054421768707,145,32.4137931034483,98.1392970175695,1.86070298243045,0.0186070298243045,0.324137931034483,TRUE
"36",852,FALSE,"MWG-P PSME",248,2.18,0.6251,0.914,0.685,0.1742,377,39,589,2,"MW","G","P","PSME",0.232436204379562,0.857536204379562,0.371838432858042,259.4,132.7,591,1814.70655009663,6.14113891741667,0.338409475465313,416,9.375,95.4524755549478,4.54752444505225,0.0454752444505225,0.09375,TRUE
"38",853,FALSE,"MWG-P PSME",142,0.64,0.0591,0.0732,0.1331,0.0099,31,2,60,1,"MW","G","P","PSME",0.00544462809917355,0.0645446280991736,0.0921256869572513,259.4,132.7,61,187.304736981208,3.07056945870834,1.63934426229508,33,6.06060606060606,99.4308969425398,0.569103057460197,0.00569103057460197,0.0606060606060606,TRUE
"41",854,FALSE,"MWG-P PSME",232,1.21,0.1829,0.1906,0.0865,0.0271,154,12,197,4,"MW","G","P","PSME",0.0597139884393064,0.242613988439306,0.326484354506869,259.4,132.7,201,617.184461200375,12.2822778348333,1.99004975124378,166,7.2289156626506,99.2414641472849,0.758535852715056,0.00758535852715056,0.072289156626506,TRUE
"44",855,FALSE,"MWG-P PSME",153,1.1,0.1412,0.1895,0.098,0.0299,145,28,195,1,"MW","G","P","PSME",0.0578168367346939,0.199016836734694,0.409467682257039,259.4,132.7,196,601.831613906834,3.07056945870834,0.510204081632653,173,16.1849710982659,98.6208290570707,1.37917094292935,0.0137917094292935,0.161849710982659,TRUE
"1",856,FALSE,"MWG-G PIRA",126,2.92,1.3022,4.5846,3.998,0.9437,29,295,931,38,"MW","G","G","PIRA",1.08216283641821,2.38436283641821,0.831026598385969,259.4,132.7,969,2975.38180548838,116.681639430917,3.92156862745098,324,91.0493827160494,21.2533399193645,78.7466600806355,0.787466600806355,0.910493827160494,TRUE
"5",857,FALSE,"MWG-G PIRA",110,2.56,0.9601,2.268,2.026,0.5925,24,452,737,28,"MW","G","G","PIRA",0.66327245804541,1.62337245804541,0.690836848292271,259.4,132.7,765,2348.98563591188,85.9759448438334,3.66013071895425,476,94.9579831932773,47.6755858127522,52.3244141872478,0.523244141872478,0.949579831932773,TRUE
"8",858,FALSE,"MWG-G PIRA",261,2.96,1.3058,5.9464,5.1429,0.6834,199,818,1057,244,"MW","G","G","PIRA",0.790170868576095,2.09597086857609,0.605123961231502,236.8,113.1,1301,4278.74364112048,802.469983423057,18.7548039969254,1017,80.4326450344149,69.54774944461,30.45225055539,0.3045225055539,0.80432645034415,TRUE
"12",859,FALSE,"MWG-G PIRA",215,2.57,1.4038,2.7905,2.342,0.6273,518,156,1343,10,"MW","G","G","PIRA",0.747429824935952,2.15122982493595,0.532433270363266,259.4,132.7,1353,4154.48047763238,30.7056945870834,0.73909830007391,674,23.1454005934718,82.4903382043074,17.5096617956926,0.175096617956926,0.231454005934718,TRUE
"13",860,FALSE,"MWG-G PIRA",117,2.32,0.5307,2.4759,1.9747,0.3756,517,43,730,8,"MW","G","G","PIRA",0.470931300957107,1.00163130095711,0.887377616274934,236.8,113.1,738,2427.142818714,26.3104912597723,1.0840108401084,560,7.67857142857143,71.2932485778144,28.7067514221856,0.287067514221856,0.0767857142857143,TRUE
"16",861,FALSE,"MWG-G PIRA",299,3.72,2.8496,11.486,10.9164,1.1632,102,1596,1694,116,"MW","G","G","PIRA",1.22389388443076,4.07349388443077,0.429496730920397,259.4,132.7,1810,5557.73072026209,356.186057210167,6.40883977900552,1698,93.9929328621908,80.7682269762898,19.2317730237102,0.192317730237102,0.939929328621908,TRUE
"20",862,FALSE,"MWG-G PIRA",200,2.11,0.7041,1.853,1.412,0.2209,504,174,787,17,"MW","G","G","PIRA",0.289892138810198,0.993992138810198,0.411720123292428,259.4,132.7,804,2468.7378448015,52.1996807980417,2.11442786069652,678,25.6637168141593,92.0648330961747,7.93516690382528,0.0793516690382528,0.256637168141593,TRUE
"22",863,FALSE,"MWG-G PIRA",87,1.46,0.2019,0.719,0.517,0.0596,245,24,296,12,"MW","G","G","PIRA",0.0828866537717601,0.28478665377176,0.410533203426251,236.8,113.1,308,1012.95391350124,39.4657368896585,3.8961038961039,269,8.92193308550186,77.1607099898608,22.8392900101392,0.228392900101392,0.0892193308550186,TRUE
"27",864,FALSE,"MWG-G PIRA",371,3.76,2.8082,4.942,3.9223,0.7162,63,1519,1254,100,"MW","G","G","PIRA",0.902394105499324,3.71059410549932,0.321342534541459,259.4,132.7,1354,4157.55104709109,307.056945870834,7.38552437223043,1582,96.0176991150443,90.6491429640322,9.35085703596781,0.0935085703596781,0.960176991150443,TRUE
"29",865,FALSE,"MWG-G PIRA",NA,NA,NA,NA,NA,NA,NA,NA,NA,NA,"MW","G","G","PIRA",NA,NA,NA,259.4,132.7,NA,NA,NA,NA,NA,NA,96.5694759617061,3.43052403829387,0.0343052403829387,NA,FALSE
"33",866,FALSE,"MWG-G PIRA",90,1.08,0.02,0.5345,0.4113,0.1284,24,1,90,0,"MW","G","G","PIRA",0.166860685630926,0.186860685630926,8.34303428154632,259.4,132.7,90,276.35125128375,0,0,25,4,98.1392970175695,1.86070298243045,0.0186070298243045,0.04,TRUE
"35",867,FALSE,"MWG-G PIRA",189,2.37,1.0524,1.372,1.014,0.2009,24,675,523,37,"MW","G","G","PIRA",0.271829191321499,1.3242291913215,0.258294556557867,259.4,132.7,560,1719.51889687667,113.611069972208,6.60714285714286,699,96.5665236051502,95.4524755549478,4.54752444505225,0.0454752444505225,0.965665236051502,TRUE
"37",868,FALSE,"MWG-G PIRA",166,1.21,0.1604,0.2612,0.174,0.0174,63,7,117,0,"MW","G","G","PIRA",0.02612,0.18652,0.16284289276808,236.8,113.1,117,384.790934674171,0,0,70,10,99.4308969425398,0.569103057460197,0.00569103057460197,0.1,TRUE
"40",869,FALSE,"MWG-G PIRA",256,1.56,0.4006,0.374,0.267,0.0436,222,14,77,0,"MW","G","G","PIRA",0.06107265917603,0.46167265917603,0.152452968487344,236.8,113.1,77,253.238478375309,0,0,236,5.93220338983051,99.2414641472849,0.758535852715056,0.00758535852715056,0.0593220338983051,TRUE
"43",870,FALSE,"MWG-G PIRA",NA,NA,0.3047,0.4135,0.3003,0.0392,111,64,212,3,"MW","G","G","PIRA",0.05397668997669,0.35867668997669,0.177146996969773,236.8,113.1,215,707.094452606382,9.86643422241463,1.3953488372093,175,36.5714285714286,98.6208290570707,1.37917094292935,0.0137917094292935,0.365714285714286,TRUE
"3",871,FALSE,"MWG-G PICO",65,0.99,0.1279,0.285,0.208,0.052,380,30,257,2,"MW","G","G","PICO",0.07125,0.19915,0.557075840500391,259.4,132.7,259,795.277489805459,6.14113891741667,0.772200772200772,410,7.31707317073171,21.2533399193645,78.7466600806355,0.787466600806355,0.0731707317073171,TRUE
"4",872,FALSE,"MWG-G PICO",NA,NA,0.3966,0.7004,0.5695,0.1468,413,282,314,17,"MW","G","G","PICO",0.180542089552239,0.577142089552239,0.455224633263335,259.4,132.7,331,1016.35849083246,52.1996807980417,5.13595166163142,695,40.5755395683453,47.6755858127522,52.3244141872478,0.523244141872478,0.405755395683453,TRUE
"11",873,FALSE,"MWG-G PICO",162,2.15,0.9721,2.153,1.8813,0.1931,67,1234,466,90,"MW","G","G","PICO",0.220987774411311,1.19308777441131,0.227330289488027,259.4,132.7,556,1707.23661904183,276.35125128375,16.1870503597122,1301,94.8501152959262,82.4903382043074,17.5096617956926,0.175096617956926,0.948501152959262,TRUE
"14",874,FALSE,"MWG-G PICO",176,2.7,1.3595,4.8947,4.4248,0.5488,61,2201,1167,94,"MW","G","G","PICO",0.607080853371904,1.9665808533719,0.446547152167638,259.4,132.7,1261,3871.98808743121,288.633529118584,7.45440126883426,2262,97.3032714412025,71.2932485778144,28.7067514221856,0.287067514221856,0.973032714412025,TRUE
"17",875,FALSE,"MWG-G PICO",160,1.94,0.883,1.496,1.1676,0.2135,88,1284,591,66,"MW","G","G","PICO",0.273549160671463,1.15654916067146,0.309795198948429,259.4,132.7,657,2017.36413437138,202.65758427475,10.0456621004566,1372,93.5860058309038,80.7682269762898,19.2317730237102,0.192317730237102,0.935860058309038,TRUE
"9",876,FALSE,"MWG-G PICO",142,1.98,0.6021,2.8757,2.6199,0.2217,6,1487,576,187,"MW","G","G","PICO",0.243346192602771,0.845446192602771,0.404162419204071,259.4,132.7,763,2342.84449699446,574.196488778459,24.5085190039318,1493,99.5981245813798,69.54774944461,30.45225055539,0.3045225055539,0.995981245813798,TRUE
"19",877,FALSE,"MWG-G PICO",146,1.44,0.3915,0.6218,0.4048,0.0703,386,906,365,40,"MW","G","G","PICO",0.107985523715415,0.499485523715415,0.275825092504253,259.4,132.7,405,1243.58063077688,122.822778348333,9.87654320987654,1292,70.1238390092879,92.0648330961747,7.93516690382528,0.0793516690382528,0.701238390092879,TRUE
"23",878,FALSE,"MWG-G PICO",179,1.78,0.419,0.666,0.533,0.0775,5,946,367,158,"MW","G","G","PICO",0.0968386491557223,0.515838649155722,0.231118494405065,259.4,132.7,525,1612.04896582188,485.149974475917,30.0952380952381,951,99.4742376445846,77.1607099898608,22.8392900101392,0.228392900101392,0.994742376445847,TRUE
"25",879,FALSE,"MWG-G PICO",78,1.22,0.1674,0.2348,0.1267,0.0355,268,83,205,2,"MW","G","G","PICO",0.0657884767166535,0.233188476716653,0.393001653026604,259.4,132.7,207,635.607877952625,6.14113891741667,0.966183574879227,351,23.6467236467236,90.6491429640322,9.35085703596781,0.0935085703596781,0.236467236467236,TRUE
"28",880,FALSE,"MWG-G PICO",142,1.09,0.1682,0.2267,0.1563,0.0135,59,210,147,17,"MW","G","G","PICO",0.0195806142034549,0.187780614203455,0.116412688486652,259.4,132.7,164,503.573391228167,52.1996807980417,10.3658536585366,269,78.0669144981413,96.5694759617061,3.43052403829387,0.0343052403829387,0.780669144981413,TRUE
"32",881,FALSE,"MWG-G PICO",134,1.07,0.1079,0.2293,0.1307,0.0138,169,14,146,0,"MW","G","G","PICO",0.0242107115531752,0.132110711553175,0.224381015321364,259.4,132.7,146,448.303140971417,0,0,183,7.65027322404372,98.1392970175695,1.86070298243045,0.0186070298243045,0.0765027322404372,TRUE
"34",882,FALSE,"MWG-G PICO",212,2.51,0.4415,0.6875,0.5075,0.0364,533,98,328,11,"MW","G","G","PICO",0.0493103448275862,0.490810344827586,0.111688210255008,259.4,132.7,339,1040.92304650213,33.7762640457917,3.24483775811209,631,15.5309033280507,95.4524755549478,4.54752444505225,0.0454752444505225,0.155309033280507,TRUE
"39",883,FALSE,"MWG-G PICO",127,0.96,0.0814,0.0659,0.019,0.0056,193,26,111,1,"MW","G","G","PICO",0.0194231578947368,0.100823157894737,0.238613733350575,259.4,132.7,112,343.903779375334,3.07056945870834,0.892857142857143,219,11.8721461187215,99.4308969425398,0.569103057460197,0.00569103057460197,0.118721461187215,TRUE
"42",884,FALSE,"MWG-G PICO",110,0.81,0.0894,0.0325,0.0233,0.0047,96,0,44,0,"MW","G","G","PICO",0.00655579399141631,0.0959557939914163,0.0733310289867596,259.4,132.7,44,135.105056183167,0,0,96,0,99.2414641472849,0.758535852715056,0.00758535852715056,0,TRUE
"45",885,FALSE,"MWG-G PICO",135,1.41,0.1931,0.1335,0.066,0.0134,409,37,159,0,"MW","G","G","PICO",0.0271045454545455,0.220204545454545,0.140365331199096,259.4,132.7,159,488.220543934625,0,0,446,8.29596412556054,98.6208290570707,1.37917094292935,0.0137917094292935,0.0829596412556054,TRUE
"2",886,FALSE,"MWG-G PSME",42,1.28,0.0822,0.2352,0.1919,0.0331,46,0,83,0,"MW","G","G","PSME",0.0405686294945284,0.122768629494528,0.493535638619567,259.4,132.7,83,254.857265072792,0,0,46,0,21.2533399193645,78.7466600806355,0.787466600806355,0,TRUE
"6",887,FALSE,"MWG-G PSME",49,1.74,0.1577,0.288,0.2385,0.0893,177,2,176,0,"MW","G","G","PSME",0.107833962264151,0.265533962264151,0.683791770857013,259.4,132.7,176,540.420224732667,0,0,179,1.11731843575419,47.6755858127522,52.3244141872478,0.523244141872478,0.0111731843575419,TRUE
"7",888,FALSE,"MWG-G PSME",165,2.31,0.8977,3.5449,3.4569,0.5564,604,45,693,1,"MW","G","G","PSME",0.570563904075906,1.46826390407591,0.635584164059158,259.4,132.7,694,2130.97520434359,3.07056945870834,0.144092219020173,649,6.93374422187981,69.54774944461,30.45225055539,0.3045225055539,0.0693374422187981,TRUE
"10",889,FALSE,"MWG-G PSME",101,1.4,0.2749,0.526,0.3056,0.089,294,9,263,0,"MW","G","G","PSME",0.153187172774869,0.428087172774869,0.557246899872205,259.4,132.7,263,807.559767640292,0,0,303,2.97029702970297,82.4903382043074,17.5096617956926,0.175096617956926,0.0297029702970297,TRUE
"15",890,FALSE,"MWG-G PSME",106,1.42,0.3879,0.8265,0.6675,0.1243,144,34,210,0,"MW","G","G","PSME",0.153908539325843,0.541808539325843,0.396773754384745,259.4,132.7,210,644.819586328751,0,0,178,19.1011235955056,71.2932485778144,28.7067514221856,0.287067514221856,0.191011235955056,TRUE
"18",891,FALSE,"MWG-G PSME",75,1.52,0.2233,0.3734,0.2787,0.0946,84,5,192,0,"MW","G","G","PSME",0.126744312881234,0.350044312881234,0.567596564627113,259.4,132.7,192,589.549336072,0,0,89,5.61797752808989,80.7682269762898,19.2317730237102,0.192317730237102,0.0561797752808989,TRUE
"21",892,FALSE,"MWG-G PSME",91,0.81,0.0739,NA,NA,NA,NA,NA,NA,NA,"MW","G","G","PSME",NA,NA,NA,259.4,132.7,NA,NA,NA,NA,NA,NA,92.0648330961747,7.93516690382528,0.0793516690382528,NA,FALSE
"24",893,FALSE,"MWG-G PSME",134,1.58,0.4592,0.577,0.386,0.1491,155,2,161,0,"MW","G","G","PSME",0.222877461139896,0.682077461139896,0.485360324782004,259.4,132.7,161,494.361682852042,0,0,157,1.27388535031847,77.1607099898608,22.8392900101392,0.228392900101392,0.0127388535031847,TRUE
"26",894,FALSE,"MWG-G PSME",191,2.16,0.8855,1.4533,1.217,0.1877,224,23,294,3,"MW","G","G","PSME",0.224144954806902,1.1096449548069,0.253128125134842,259.4,132.7,297,911.959129236376,9.21170837612501,1.01010101010101,247,9.31174089068826,90.6491429640322,9.35085703596781,0.0935085703596781,0.0931174089068826,TRUE
"30",895,FALSE,"MWG-G PSME",274,2.17,0.7949,0.941,0.629,0.1373,459,5,457,0,"MW","G","G","PSME",0.205404292527822,1.00030429252782,0.258402682762388,259.4,132.7,457,1403.25024262971,0,0,464,1.07758620689655,96.5694759617061,3.43052403829387,0.0343052403829387,0.0107758620689655,TRUE
"31",896,FALSE,"MWG-G PSME",162,1.01,0.17,0.4017,0.3202,0.0271,75,19,148,0,"MW","G","G","PSME",0.0339977201748907,0.203997720174891,0.199986589264063,259.4,132.7,148,454.444279888834,0,0,94,20.2127659574468,98.1392970175695,1.86070298243045,0.0186070298243045,0.202127659574468,TRUE
"36",897,FALSE,"MWG-G PSME",155,1.49,0.2448,0.374,0.197,0.0483,371,7,209,0,"MW","G","G","PSME",0.0916964467005076,0.336496446700508,0.374576988155668,259.4,132.7,209,641.749016870042,0,0,378,1.85185185185185,95.4524755549478,4.54752444505225,0.0454752444505225,0.0185185185185185,TRUE
"38",898,FALSE,"MWG-G PSME",64,0.84,0.0463,0.1939,0.1052,0.0978,70,0,73,0,"MW","G","G","PSME",0.180260646387833,0.226560646387833,3.89331849649747,259.4,132.7,73,224.151570485709,0,0,70,0,99.4308969425398,0.569103057460197,0.00569103057460197,0,TRUE
"41",899,FALSE,"MWG-G PSME",160,1.14,0.1668,0.14,0.0825,0.0198,66,0,113,0,"MW","G","G","PSME",0.0336,0.2004,0.201438848920863,259.4,132.7,113,346.974348834042,0,0,66,0,99.2414641472849,0.758535852715056,0.00758535852715056,0,TRUE
"44",900,FALSE,"MWG-G PSME",226,1.48,0.3703,0.1136,0.0838,0.0608,127,0,172,0,"MW","G","G","PSME",0.0824210023866349,0.452721002386635,0.22257899645324,259.4,132.7,172,528.137946897834,0,0,127,0,98.6208290570707,1.37917094292935,0.0137917094292935,0,TRUE
"6",901,FALSE,"LPP-P PIRA",100,2.66,1.074,1.7205,1.408,0.3315,109,64,559,3,"LP","P","P","PIRA",0.405075106534091,1.47907510653409,0.377164903663027,259.4,132.7,562,1725.66003579408,9.21170837612501,0.533807829181495,173,36.9942196531792,47.6755858127522,52.3244141872478,0.523244141872478,0.369942196531792,TRUE
"7",902,FALSE,"LPP-P PIRA",254,2.66,1.2672,4.8466,4.2006,0.544,40,864,904,134,"LP","P","P","PIRA",0.627660429462458,1.89486042946246,0.495312838906611,259.4,132.7,1038,3187.25109813925,411.456307466917,12.9094412331407,904,95.5752212389381,69.54774944461,30.45225055539,0.3045225055539,0.955752212389381,TRUE
"11",903,FALSE,"LPP-P PIRA",107,1.96,0.4843,0.8827,0.6862,0.1499,123,57,376,1,"LP","P","P","PIRA",0.192825313319732,0.677125313319732,0.398152618872046,259.4,132.7,377,1157.60468593304,3.07056945870834,0.26525198938992,180,31.6666666666667,82.4903382043074,17.5096617956926,0.175096617956926,0.316666666666667,TRUE
"3",904,FALSE,"LPP-P PIRA",93,1.9,0.3427,1.538,1.2825,0.2419,154,31,468,9,"LP","P","P","PIRA",0.290091384015595,0.632791384015595,0.846487843640486,259.4,132.7,477,1464.66163180388,27.635125128375,1.88679245283019,185,16.7567567567568,21.2533399193645,78.7466600806355,0.787466600806355,0.167567567567568,TRUE
"15",905,FALSE,"LPP-P PIRA",120,1.82,0.4604,0.947,0.723,0.188,129,32,321,2,"LP","P","P","PIRA",0.246246196403873,0.706646196403873,0.534852728939776,259.4,132.7,323,991.793935162792,6.14113891741667,0.619195046439629,161,19.8757763975155,71.2932485778144,28.7067514221856,0.287067514221856,0.198757763975155,TRUE
"18",906,FALSE,"LPP-P PIRA",65,2.66,1.3648,5.261,4.726,0.7315,96,462,1693,38,"LP","P","P","PIRA",0.814308400338553,2.17910840033855,0.596650351947943,259.4,132.7,1731,5315.15573302413,116.681639430917,2.19526285384171,558,82.7956989247312,80.7682269762898,19.2317730237102,0.192317730237102,0.827956989247312,TRUE
"19",907,FALSE,"LPP-P PIRA",272,2.22,1.0568,1.9657,1.5484,0.2448,219,352,593,26,"LP","P","P","PIRA",0.310774580211832,1.36757458021183,0.294071328739432,259.4,132.7,619,1900.68249494046,79.8348059264167,4.20032310177706,571,61.646234676007,92.0648330961747,7.93516690382528,0.0793516690382528,0.61646234676007,TRUE
"23",908,FALSE,"LPP-P PIRA",232,2.19,0.7888,1.723,1.387,0.2433,169,243,538,32,"LP","P","P","PIRA",0.302239293439077,1.09103929343908,0.383163404461305,259.4,132.7,570,1750.22459146375,98.2582226786667,5.6140350877193,412,58.9805825242718,77.1607099898608,22.8392900101392,0.228392900101392,0.589805825242718,TRUE
"25",909,FALSE,"LPP-P PIRA",271,2.06,0.814,1.8818,1.5984,0.2579,166,502,737,95,"LP","P","P","PIRA",0.303626263763764,1.11762626376376,0.373005238039022,259.4,132.7,832,2554.71378964534,291.704098577292,11.4182692307692,668,75.1497005988024,90.6491429640322,9.35085703596781,0.0935085703596781,0.751497005988024,TRUE
"30",910,FALSE,"LPP-P PIRA",31,1.06,0.0323,0.132,0.071,0.0211,17,0,103,0,"LP","P","P","PIRA",0.0392281690140845,0.0715281690140845,1.21449439672088,259.4,132.7,103,316.268654246959,0,0,17,0,96.5694759617061,3.43052403829387,0.0343052403829387,0,TRUE
"32",911,FALSE,"LPP-P PIRA",251,1.66,0.3538,0.6955,0.4691,0.052,157,140,250,19,"LP","P","P","PIRA",0.077096567895971,0.430896567895971,0.217910027970523,259.4,132.7,269,825.983184392542,58.3408197154584,7.0631970260223,297,47.1380471380471,98.1392970175695,1.86070298243045,0.0186070298243045,0.471380471380471,TRUE
"36",912,FALSE,"LPP-P PIRA",166,2.08,0.2464,0.705,0.445,0.0762,7,234,265,29,"LP","P","P","PIRA",0.120721348314607,0.367121348314607,0.489940536991099,259.4,132.7,294,902.747420860251,89.0465143025417,9.86394557823129,241,97.0954356846473,95.4524755549478,4.54752444505225,0.0454752444505225,0.970954356846473,TRUE
"38",913,FALSE,"LPP-P PIRA",159,0.96,0.145,0.454,0.243,0.1019,83,2,115,0,"LP","P","P","PIRA",0.190381069958848,0.335381069958848,1.31297289626792,259.4,132.7,115,353.115487751459,0,0,85,2.35294117647059,99.4308969425398,0.569103057460197,0.00569103057460197,0.0235294117647059,TRUE
"42",914,FALSE,"LPP-P PIRA",210,1.33,0.2641,0.35,0.257,0.0369,115,21,169,1,"LP","P","P","PIRA",0.0502529182879377,0.314352918287938,0.190279887496924,259.4,132.7,170,521.996807980417,3.07056945870834,0.588235294117647,136,15.4411764705882,99.2414641472849,0.758535852715056,0.00758535852715056,0.154411764705882,TRUE
"44",915,FALSE,"LPP-P PIRA",370,2.23,0.7842,0.7802,0.6342,0.068,16,68,198,9,"LP","P","P","PIRA",0.0836543677073479,0.867854367707348,0.106674786670936,259.4,132.7,207,635.607877952625,27.635125128375,4.34782608695652,84,80.9523809523809,98.6208290570707,1.37917094292935,0.0137917094292935,0.80952380952381,TRUE
"2",916,FALSE,"LPP-P PICO",26,1.14,0.0839,0.1662,0.1292,0.0254,231,17,152,1,"LP","P","P","PICO",0.0326739938080495,0.11657399380805,0.389439735495227,259.4,132.7,153,469.797127182375,3.07056945870834,0.65359477124183,248,6.85483870967742,21.2533399193645,78.7466600806355,0.787466600806355,0.0685483870967742,TRUE
"5",917,FALSE,"LPP-P PICO",44,1.48,0.213,0.3228,0.2397,0.0738,5,292,244,38,"LP","P","P","PICO",0.0993852315394243,0.312385231539424,0.466597331171006,259.4,132.7,282,865.900587355751,116.681639430917,13.4751773049645,297,98.3164983164983,47.6755858127522,52.3244141872478,0.523244141872478,0.983164983164983,TRUE
"8",918,FALSE,"LPP-P PICO",123,1,0.1204,0.5072,0.3679,0.1156,164,187,157,60,"LP","P","P","PICO",0.159370263658603,0.279770263658603,1.32367328620102,236.8,113.1,217,713.672075421325,197.328684448293,27.6497695852535,351,53.2763532763533,69.54774944461,30.45225055539,0.3045225055539,0.532763532763533,TRUE
"10",919,FALSE,"LPP-P PICO",60,0.88,0.0839,0.1738,0.1213,0.0179,55,193,89,23,"LP","P","P","PICO",0.0256473206924979,0.109547320692498,0.305689162008319,259.4,132.7,112,343.903779375334,70.6230975502917,20.5357142857143,248,77.8225806451613,82.4903382043074,17.5096617956926,0.175096617956926,0.778225806451613,TRUE
"13",920,FALSE,"LPP-P PICO",37,1.24,0.0422,0.1595,0.0779,0.0129,22,203,53,45,"LP","P","P","PICO",0.0264127086007702,0.0686127086007702,0.625893568738631,236.8,113.1,98,322.303517932211,147.996513336219,45.9183673469388,225,90.2222222222222,71.2932485778144,28.7067514221856,0.287067514221856,0.902222222222222,TRUE
"16",921,FALSE,"LPP-P PICO",50,1.19,0.1591,0.187,0.0924,0.0344,116,52,124,4,"LP","P","P","PICO",0.0696190476190476,0.228719047619048,0.437580437580438,259.4,132.7,128,393.032890714667,12.2822778348333,3.125,168,30.952380952381,80.7682269762898,19.2317730237102,0.192317730237102,0.30952380952381,TRUE
"21",922,FALSE,"LPP-P PICO",83,0.9,0.0666,0.2988,0.213,0.0187,127,106,156,10,"LP","P","P","PICO",0.026232676056338,0.092832676056338,0.39388402486994,259.4,132.7,166,509.714530145584,30.7056945870834,6.02409638554217,233,45.4935622317597,92.0648330961747,7.93516690382528,0.0793516690382528,0.454935622317597,TRUE
"24",923,FALSE,"LPP-P PICO",95,1.78,0.2848,0.517,0.387,0.0974,142,636,487,35,"LP","P","P","PICO",0.13011834625323,0.41491834625323,0.456876215776791,259.4,132.7,522,1602.83725744575,107.469931054792,6.70498084291188,778,81.7480719794344,77.1607099898608,22.8392900101392,0.228392900101392,0.817480719794344,TRUE
"26",924,FALSE,"LPP-P PICO",84,0.98,0.1032,0.1629,0.1043,0.0212,199,232,221,7,"LP","P","P","PICO",0.0331110258868648,0.136311025886865,0.320843274097527,259.4,132.7,228,700.089836585501,21.4939862109584,3.07017543859649,431,53.8283062645012,90.6491429640322,9.35085703596781,0.0935085703596781,0.538283062645012,TRUE
"29",925,FALSE,"LPP-P PICO",75,0.96,0.0917,0.2265,0.1398,0.0167,317,24,196,2,"LP","P","P","PICO",0.0270568669527897,0.11875686695279,0.295058527293236,259.4,132.7,198,607.972752824251,6.14113891741667,1.01010101010101,341,7.03812316715543,96.5694759617061,3.43052403829387,0.0343052403829387,0.0703812316715542,TRUE
"31",926,FALSE,"LPP-P PICO",55,0.7,0.0243,0.1407,0.108,0.0098,158,30,86,4,"LP","P","P","PICO",0.0127672222222222,0.0370672222222222,0.525400091449474,259.4,132.7,90,276.35125128375,12.2822778348333,4.44444444444444,188,15.9574468085106,98.1392970175695,1.86070298243045,0.0186070298243045,0.159574468085106,TRUE
"35",927,FALSE,"LPP-P PICO",112,1.19,0.2089,0.163,0.0595,0.0214,7,445,228,26,"LP","P","P","PICO",0.0586252100840336,0.267525210084034,0.280637673930271,259.4,132.7,254,779.924642511917,79.8348059264167,10.2362204724409,452,98.4513274336283,95.4524755549478,4.54752444505225,0.0454752444505225,0.984513274336283,TRUE
"37",928,FALSE,"LPP-P PICO",84,0.54,0.0348,0.0427,0.027,0.0065,19,94,49,8,"LP","P","P","PICO",0.0102796296296296,0.0450796296296296,0.29539165602384,236.8,113.1,57,187.462250225878,26.3104912597723,14.0350877192982,113,83.1858407079646,99.4308969425398,0.569103057460197,0.00569103057460197,0.831858407079646,TRUE
"41",929,FALSE,"LPP-P PICO",88,0.73,0.0764,0.0302,0.015,0.0047,29,110,66,10,"LP","P","P","PICO",0.00946266666666667,0.0858626666666667,0.123856893542757,259.4,132.7,76,233.363278861834,30.7056945870834,13.1578947368421,139,79.136690647482,99.2414641472849,0.758535852715056,0.00758535852715056,0.79136690647482,TRUE
"43",930,FALSE,"LPP-P PICO",123,0.54,0.0804,0.0503,0.0225,0.0045,7,175,75,15,"LP","P","P","PICO",0.01006,0.09046,0.125124378109453,236.8,113.1,90,295.993026672439,49.3321711120731,16.6666666666667,182,96.1538461538462,98.6208290570707,1.37917094292935,0.0137917094292935,0.961538461538462,TRUE
"9",931,FALSE,"LPP-P PSME",61,1.32,0.1438,0.5122,0.3822,0.076,180,3,210,0,"LP","P","P","PSME",0.101850340136054,0.245650340136054,0.70827774781679,259.4,132.7,210,644.819586328751,0,0,183,1.63934426229508,69.54774944461,30.45225055539,0.3045225055539,0.0163934426229508,TRUE
"20",932,FALSE,"LPP-P PSME",59,1.1,0.1247,0.295,0.217,0.0776,222,1,228,0,"LP","P","P","PSME",0.105493087557604,0.230193087557604,0.845975040558169,259.4,132.7,228,700.089836585501,0,0,223,0.448430493273543,92.0648330961747,7.93516690382528,0.0793516690382528,0.00448430493273543,TRUE
"27",933,FALSE,"LPP-P PSME",57,1.14,0.1229,0.205,0.1251,0.0504,148,0,163,0,"LP","P","P","PSME",0.082589928057554,0.205489928057554,0.672009178661952,259.4,132.7,163,500.502821769459,0,0,148,0,90.6491429640322,9.35085703596781,0.0935085703596781,0,TRUE
"33",934,FALSE,"LPP-P PSME",108,0.81,0.1086,1.3662,0.0942,0.0161,24,11,64,0,"LP","P","P","PSME",0.23350127388535,0.34210127388535,2.15010381109899,259.4,132.7,64,196.516445357333,0,0,35,31.4285714285714,98.1392970175695,1.86070298243045,0.0186070298243045,0.314285714285714,TRUE
"28",935,FALSE,"LPP-P PSME",1.59,1.23,0.2192,0.2545,0.1945,0.0333,173,3,331,3,"LP","P","P","PSME",0.0435724935732648,0.262772493573265,0.198779623965624,259.4,132.7,334,1025.57019920858,9.21170837612501,0.898203592814371,176,1.70454545454545,96.5694759617061,3.43052403829387,0.0343052403829387,0.0170454545454545,TRUE
"22",936,FALSE,"LPP-P PSME",100,1.28,0.2377,0.413,0.304,0.0814,163,9,187,0,"LP","P","P","PSME",0.110586184210526,0.348286184210526,0.46523426256006,236.8,113.1,187,615.007733197179,0,0,172,5.23255813953488,77.1607099898608,22.8392900101392,0.228392900101392,0.0523255813953488,TRUE
"17",937,FALSE,"LPP-P PSME",68,1.23,0.2462,0.704,0.6028,0.1116,183,3,286,0,"LP","P","P","PSME",0.130335766423358,0.376535766423358,0.52938979050917,259.4,132.7,286,878.182865190584,0,0,186,1.61290322580645,80.7682269762898,19.2317730237102,0.192317730237102,0.0161290322580645,TRUE
"1",938,FALSE,"LPP-P PSME",42,1.01,0.095,0.2091,0.1476,0.0398,45,2,75,0,"LP","P","P","PSME",0.0563833333333333,0.151383333333333,0.593508771929825,259.4,132.7,75,230.292709403125,0,0,47,4.25531914893617,21.2533399193645,78.7466600806355,0.787466600806355,0.0425531914893617,TRUE
"12",939,FALSE,"LPP-P PSME",52,0.83,0.0891,0.138,0.1015,0.0479,67,0,92,0,"LP","P","P","PSME",0.0651251231527094,0.154225123152709,0.730921696438938,259.4,132.7,92,282.492390201167,0,0,67,0,82.4903382043074,17.5096617956926,0.175096617956926,0,TRUE
"14",940,FALSE,"LPP-P PSME",56,1.07,0.2042,0.316,0.222,0.0782,183,0,185,0,"LP","P","P","PSME",0.111311711711712,0.315511711711712,0.545111222878118,259.4,132.7,185,568.055349861042,0,0,183,0,71.2932485778144,28.7067514221856,0.287067514221856,0,TRUE
"34",941,FALSE,"LPP-P PSME",143,1.15,0.1536,0.3515,0.2564,0.0375,230,2,171,0,"LP","P","P","PSME",0.0514089313572543,0.205008931357254,0.334693563523791,259.4,132.7,171,525.067377439125,0,0,232,0.862068965517241,95.4524755549478,4.54752444505225,0.0454752444505225,0.00862068965517241,TRUE
"39",942,FALSE,"LPP-P PSME",133,0.91,0.1157,0.195,0.124,0.0277,210,6,174,0,"LP","P","P","PSME",0.0435604838709677,0.159260483870968,0.376495106922798,259.4,132.7,174,534.27908581525,0,0,216,2.77777777777778,99.4308969425398,0.569103057460197,0.00569103057460197,0.0277777777777778,TRUE
"40",943,FALSE,"LPP-P PSME",123,0.8,0.0769,0.0437,0.028,0.0118,45,2,93,1,"LP","P","P","PSME",0.0184164285714286,0.0953164285714286,0.239485417053688,236.8,113.1,94,309.148272302325,3.28881140747154,1.06382978723404,47,4.25531914893617,99.2414641472849,0.758535852715056,0.00758535852715056,0.0425531914893617,TRUE
"45",944,FALSE,"LPP-P PSME",55,1.06,0.0799,0.127,0.081,0.0281,102,12,113,2,"LP","P","P","PSME",0.044058024691358,0.123958024691358,0.551414576863054,259.4,132.7,115,353.115487751459,6.14113891741667,1.73913043478261,114,10.5263157894737,98.6208290570707,1.37917094292935,0.0137917094292935,0.105263157894737,TRUE
"4",945,FALSE,"LPP-P PSME",44,0.99,0.0963,0.2911,0.1863,0.0598,82,0,115,0,"LP","P","P","PSME",0.0934395061728395,0.18973950617284,0.970296014255862,259.4,132.7,115,353.115487751459,0,0,82,0,47.6755858127522,52.3244141872478,0.523244141872478,0,TRUE
"3",946,FALSE,"LPP-G PIRA",94,2.5,0.6331,1.338,1.1624,0.2162,83,114,293,40,"LP","P","G","PIRA",0.248860633172746,0.881960633172746,0.393082661779728,259.4,132.7,333,1022.49962974988,122.822778348333,12.012012012012,197,57.8680203045685,21.2533399193645,78.7466600806355,0.787466600806355,0.578680203045685,TRUE
"7",947,FALSE,"LPP-G PIRA",124,2.11,0.6082,2.2915,1.6706,0.3291,355,160,609,4,"LP","P","G","PIRA",0.45141425236442,1.05961425236442,0.742213502736633,259.4,132.7,613,1882.25907818821,12.2822778348333,0.65252854812398,515,31.0679611650485,69.54774944461,30.45225055539,0.3045225055539,0.310679611650485,TRUE
"11",948,FALSE,"LPP-G PIRA",123,2.54,0.83,1.974,1.8406,0.2857,249,85,420,7,"LP","P","G","PIRA",0.306406497881126,1.13640649788113,0.369164455278465,259.4,132.7,427,1311.13315886846,21.4939862109584,1.63934426229508,334,25.4491017964072,82.4903382043074,17.5096617956926,0.175096617956926,0.254491017964072,TRUE
"15",949,FALSE,"LPP-G PIRA",146,3.05,1.3987,2.853,2.405,0.5652,8,562,659,41,"LP","P","G","PIRA",0.670484656964657,2.06918465696466,0.479362734656936,259.4,132.7,700,2149.39862109583,125.893347807042,5.85714285714286,570,98.5964912280702,71.2932485778144,28.7067514221856,0.287067514221856,0.985964912280702,TRUE
"18",950,FALSE,"LPP-G PIRA",245,2.78,1.6818,4.262,3.633,0.4768,5,2245,1178,151,"LP","P","G","PIRA",0.559350839526562,2.24115083952656,0.332590581238294,259.4,132.7,1329,4080.78681062338,463.655988264959,11.3619262603461,2250,99.7777777777778,80.7682269762898,19.2317730237102,0.192317730237102,0.997777777777778,TRUE
"6",951,FALSE,"LPP-G PIRA",65,1.89,0.3502,0.876,0.6522,0.1411,111,31,295,4,"LP","P","G","PIRA",0.189517939282429,0.539717939282429,0.541170586186261,259.4,132.7,299,918.100268153792,12.2822778348333,1.33779264214047,142,21.830985915493,47.6755858127522,52.3244141872478,0.523244141872478,0.21830985915493,TRUE
"19",952,FALSE,"LPP-G PIRA",194,2.16,0.6254,2.6935,2.3032,0.2961,256,457,615,85,"LP","P","G","PIRA",0.346277071031608,0.971677071031608,0.553688952720832,259.4,132.7,700,2149.39862109583,260.998403990209,12.1428571428571,713,64.0953716690042,92.0648330961747,7.93516690382528,0.0793516690382528,0.640953716690042,TRUE
"23",953,FALSE,"LPP-G PIRA",229,2.53,0.9495,2.232,1.75,0.2776,47,541,549,98,"LP","P","G","PIRA",0.354058971428572,1.30355897142857,0.372889911983751,259.4,132.7,647,1986.65843978429,300.915806953417,15.1468315301391,588,92.0068027210884,77.1607099898608,22.8392900101392,0.228392900101392,0.920068027210884,TRUE
"25",954,FALSE,"LPP-G PIRA",239,1.97,0.6053,0.9838,0.7533,0.1526,256,158,320,37,"LP","P","G","PIRA",0.199293614761715,0.804593614761715,0.32924767018291,259.4,132.7,357,1096.19329675888,113.611069972208,10.3641456582633,414,38.1642512077295,90.6491429640322,9.35085703596781,0.0935085703596781,0.381642512077295,TRUE
"30",955,FALSE,"LPP-G PIRA",302,2.46,0.8295,1.15,0.8534,0.1542,19,376,458,25,"LP","P","G","PIRA",0.207792359971877,1.03729235997188,0.250503146439876,259.4,132.7,483,1483.08504855613,76.7642364677084,5.175983436853,395,95.1898734177215,96.5694759617061,3.43052403829387,0.0343052403829387,0.951898734177215,TRUE
"32",956,FALSE,"LPP-G PIRA",175,1.67,0.3716,0.5384,0.3152,0.0438,81,91,229,10,"LP","P","G","PIRA",0.0748157360406091,0.446415736040609,0.2013340582363,259.4,132.7,239,733.866100631292,30.7056945870834,4.18410041841004,172,52.906976744186,98.1392970175695,1.86070298243045,0.0186070298243045,0.529069767441861,TRUE
"36",957,FALSE,"LPP-G PIRA",290,2.2,0.8499,0.795,0.583,0.1183,18,413,383,23,"LP","P","G","PIRA",0.161318181818182,1.01121818181818,0.189808426659821,259.4,132.7,406,1246.65120023558,70.6230975502917,5.66502463054187,431,95.8236658932715,95.4524755549478,4.54752444505225,0.0454752444505225,0.958236658932715,TRUE
"38",958,FALSE,"LPP-G PIRA",NA,NA,NA,NA,NA,NA,NA,NA,NA,NA,"LP","P","G","PIRA",NA,NA,NA,259.4,132.7,NA,NA,NA,NA,NA,NA,99.4308969425398,0.569103057460197,0.00569103057460197,NA,FALSE
"42",959,FALSE,"LPP-G PIRA",1.92,1.37,0.2514,0.305,0.214,0.0342,113,0,224,0,"LP","P","G","PIRA",0.0487429906542056,0.300142990654206,0.193886199897397,259.4,132.7,224,687.807558750667,0,0,113,0,99.2414641472849,0.758535852715056,0.00758535852715056,0,TRUE
"44",960,FALSE,"LPP-G PIRA",3.62,2.59,1.2005,0.688,0.449,0.0809,7,340,349,32,"LP","P","G","PIRA",0.123962583518931,1.32446258351893,0.103259128295653,259.4,132.7,381,1169.88696376788,98.2582226786667,8.3989501312336,347,97.9827089337176,98.6208290570707,1.37917094292935,0.0137917094292935,0.979827089337176,TRUE
"2",961,FALSE,"LPP-G PICO",57,1.44,0.1698,0.4453,0.339,0.06,318,74,220,4,"LP","P","G","PICO",0.0788141592920354,0.248614159292035,0.464158770860044,259.4,132.7,224,687.807558750667,12.2822778348333,1.78571428571429,392,18.8775510204082,21.2533399193645,78.7466600806355,0.787466600806355,0.188775510204082,TRUE
"5",962,FALSE,"LPP-G PICO",25,1.08,0.0729,0.127,0.088,0.0278,328,13,151,1,"LP","P","G","PICO",0.0401204545454545,0.113020454545455,0.550349170719541,259.4,132.7,152,466.726557723667,3.07056945870834,0.657894736842105,341,3.81231671554252,47.6755858127522,52.3244141872478,0.523244141872478,0.0381231671554252,TRUE
"8",963,FALSE,"LPP-G PICO",82,1.2,0.1357,0.5234,0.3764,0.1314,203,256,229,39,"LP","P","G","PICO",0.182717215727949,0.318417215727949,1.34647911369159,236.8,113.1,268,881.401457202374,128.26364489139,14.5522388059701,459,55.7734204793028,69.54774944461,30.45225055539,0.3045225055539,0.557734204793028,TRUE
"10",964,FALSE,"LPP-G PICO",85,1.13,0.1302,0.1607,0.1025,0.028,351,18,206,1,"LP","P","G","PICO",0.0438985365853659,0.174098536585366,0.337162339365329,259.4,132.7,207,635.607877952625,3.07056945870834,0.483091787439614,369,4.8780487804878,82.4903382043074,17.5096617956926,0.175096617956926,0.0487804878048781,TRUE
"13",965,FALSE,"LPP-G PICO",78,1.22,0.1516,0.5225,0.3992,0.1004,86,255,169,69,"LP","P","G","PICO",0.131410320641283,0.283010320641283,0.866822695522974,236.8,113.1,238,782.737114978227,226.927987115536,28.9915966386555,341,74.7800586510264,71.2932485778144,28.7067514221856,0.287067514221856,0.747800586510264,TRUE
"16",966,FALSE,"LPP-G PICO",101,1.87,0.2685,0.4831,0.3708,0.0705,60,730,332,86,"LP","P","G","PICO",0.0918515372168285,0.360351537216828,0.342091386282415,259.4,132.7,418,1283.49803374008,264.068973448917,20.5741626794258,790,92.4050632911392,80.7682269762898,19.2317730237102,0.192317730237102,0.924050632911392,TRUE
"21",967,FALSE,"LPP-G PICO",92,1.49,0.1593,0.8952,0.6381,0.0577,858,9,402,0,"LP","P","G","PICO",0.0809481899388811,0.240248189938881,0.508149340482618,259.4,132.7,402,1234.36892240075,0,0,867,1.03806228373702,92.0648330961747,7.93516690382528,0.0793516690382528,0.0103806228373702,TRUE
"24",968,FALSE,"LPP-G PICO",40,1.22,0.1589,0.43,0.323,0.0636,167,700,417,72,"LP","P","G","PICO",0.0846687306501548,0.243568730650155,0.532842861234454,259.4,132.7,489,1501.50846530838,221.081001027,14.7239263803681,867,80.7381776239908,77.1607099898608,22.8392900101392,0.228392900101392,0.807381776239908,TRUE
"26",969,FALSE,"LPP-G PICO",83,1.02,0.1025,0.193,0.1163,0.0188,264,156,220,8,"LP","P","G","PICO",0.0311986242476354,0.133698624247635,0.304376821928151,259.4,132.7,228,700.089836585501,24.5645556696667,3.50877192982456,420,37.1428571428571,90.6491429640322,9.35085703596781,0.0935085703596781,0.371428571428571,TRUE
"29",970,FALSE,"LPP-G PICO",73,1.03,0.0866,0.1936,0.1252,0.0115,177,9,112,0,"LP","P","G","PICO",0.0177827476038339,0.104382747603834,0.205343505817943,259.4,132.7,112,343.903779375334,0,0,186,4.83870967741935,96.5694759617061,3.43052403829387,0.0343052403829387,0.0483870967741935,TRUE
"31",971,FALSE,"LPP-G PICO",130,0.8,0.072,0.1567,0.1207,0.0086,21,179,87,6,"LP","P","G","PICO",0.0111650372825186,0.0831650372825186,0.155069962257203,259.4,132.7,93,285.562959659875,18.42341675225,6.45161290322581,200,89.5,98.1392970175695,1.86070298243045,0.0186070298243045,0.895,TRUE
"35",972,FALSE,"LPP-G PICO",NA,NA,NA,NA,NA,NA,NA,NA,NA,NA,"LP","P","G","PICO",NA,NA,NA,259.4,132.7,NA,NA,NA,NA,NA,NA,95.4524755549478,4.54752444505225,0.0454752444505225,NA,FALSE
"37",973,FALSE,"LPP-G PICO",85,0.54,0.0565,0.1147,0.0934,0.0089,83,23,61,0,"LP","P","G","PICO",0.0109296573875803,0.0674296573875803,0.193445263496996,236.8,113.1,61,200.617495855764,0,0,106,21.6981132075472,99.4308969425398,0.569103057460197,0.00569103057460197,0.216981132075472,TRUE
"41",974,FALSE,"LPP-G PICO",85,NA,0.0481,0.0256,0.0147,0.0059,31,134,82,9,"LP","P","G","PICO",0.0102748299319728,0.0583748299319728,0.213613927899642,259.4,132.7,91,279.421820742459,27.635125128375,9.89010989010989,165,81.2121212121212,99.2414641472849,0.758535852715056,0.00758535852715056,0.812121212121212,TRUE
"43",975,FALSE,"LPP-G PICO",NA,NA,NA,NA,NA,NA,NA,NA,NA,NA,"LP","P","G","PICO",NA,NA,NA,236.8,113.1,NA,NA,NA,NA,NA,NA,98.6208290570707,1.37917094292935,0.0137917094292935,NA,FALSE
"4",976,FALSE,"LPP-G PSME",40,1.02,0.1149,0.2494,0.1574,NA,93,0,104,0,"LP","P","G","PSME",NA,NA,NA,259.4,132.7,104,319.339223705667,0,0,93,0,47.6755858127522,52.3244141872478,0.523244141872478,0,FALSE
"9",977,FALSE,"LPP-G PSME",75,1.52,0.1903,0.9824,0.8555,0.1398,253,20,338,0,"LP","P","G","PSME",0.160537136177674,0.350837136177674,0.843600295205853,259.4,132.7,338,1037.85247704342,0,0,273,7.32600732600733,69.54774944461,30.45225055539,0.3045225055539,0.0732600732600733,TRUE
"12",978,FALSE,"LPP-G PSME",122,1.69,0.4139,1.002,0.749,0.2253,332,57,444,5,"LP","P","G","PSME",0.301402670226969,0.715302670226969,0.728201667617708,259.4,132.7,449,1378.68568696004,15.3528472935417,1.11358574610245,389,14.6529562982005,82.4903382043074,17.5096617956926,0.175096617956926,0.146529562982005,TRUE
"17",979,FALSE,"LPP-G PSME",53,0.75,NA,NA,NA,0.0495,NA,NA,NA,NA,"LP","P","G","PSME",NA,NA,NA,259.4,132.7,NA,NA,NA,NA,NA,NA,80.7682269762898,19.2317730237102,0.192317730237102,NA,FALSE
"1",980,FALSE,"LPP-G PSME",45,1.35,0.1729,0.3455,0.2653,0.0748,44,72,162,9,"LP","P","G","PSME",0.0974119864304561,0.270311986430456,0.563400731234564,259.4,132.7,171,525.067377439125,27.635125128375,5.26315789473684,116,62.0689655172414,21.2533399193645,78.7466600806355,0.787466600806355,0.620689655172414,TRUE
"20",981,FALSE,"LPP-G PSME",108,1.23,0.2156,0.4068,0.3069,0.0705,242,14,236,2,"LP","P","G","PSME",0.0934486803519061,0.309048680351906,0.433435437624797,259.4,132.7,238,730.795531172584,6.14113891741667,0.840336134453782,256,5.46875,92.0648330961747,7.93516690382528,0.0793516690382528,0.0546875,TRUE
"22",982,FALSE,"LPP-G PSME",33,0.71,0.0337,0.0133,0.012,0.0026,2,0,10,0,"LP","P","G","PSME",0.00288166666666667,0.0365816666666667,0.0855093966369931,236.8,113.1,10,32.8881140747154,0,0,2,0,77.1607099898608,22.8392900101392,0.228392900101392,0,TRUE
"27",983,FALSE,"LPP-G PSME",47,0.86,0.0375,0.0423,0.0179,0.0111,37,0,56,0,"LP","P","G","PSME",0.0262307262569832,0.0637307262569832,0.699486033519553,259.4,132.7,56,171.951889687667,0,0,37,0,90.6491429640322,9.35085703596781,0.0935085703596781,0,TRUE
"28",984,FALSE,"LPP-G PSME",61,0.49,0.0814,0.0291,0.0212,0.0077,1,0,10,0,"LP","P","G","PSME",0.0105693396226415,0.0919693396226415,0.129844467108618,259.4,132.7,10,30.7056945870834,0,0,1,0,96.5694759617061,3.43052403829387,0.0343052403829387,0,TRUE
"33",985,FALSE,"LPP-G PSME",90,0.83,0.0922,0.1907,0.155,0.0969,98,1,92,0,"LP","P","G","PSME",0.119218258064516,0.211418258064516,1.29303967532013,259.4,132.7,92,282.492390201167,0,0,99,1.01010101010101,98.1392970175695,1.86070298243045,0.0186070298243045,0.0101010101010101,TRUE
"34",986,FALSE,"LPP-G PSME",129,1.53,0.2104,0.3568,0.2652,0.0034,138,6,118,0,"LP","P","G","PSME",0.00457435897435897,0.214974358974359,0.021741249878132,259.4,132.7,118,362.327196127584,0,0,144,4.16666666666667,95.4524755549478,4.54752444505225,0.0454752444505225,0.0416666666666667,TRUE
"39",987,FALSE,"LPP-G PSME",101,0.73,0.0613,0.0078,0.0374,0.006,23,0,24,0,"LP","P","G","PSME",0.00125133689839572,0.0625513368983957,0.0204133262381031,259.4,132.7,24,73.6936670090001,0,0,23,0,99.4308969425398,0.569103057460197,0.00569103057460197,0,TRUE
"40",988,FALSE,"LPP-G PSME",NA,NA,NA,NA,NA,NA,NA,NA,NA,NA,"LP","P","G","PSME",NA,NA,NA,236.8,113.1,NA,NA,NA,NA,NA,NA,99.2414641472849,0.758535852715056,0.00758535852715056,NA,FALSE
"45",989,FALSE,"LPP-G PSME",144,0.87,0.2441,0.307,0.2055,0.0622,214,0,222,0,"LP","P","G","PSME",0.0929216545012165,0.337021654501217,0.380670440398265,259.4,132.7,222,681.666419833251,0,0,214,0,98.6208290570707,1.37917094292935,0.0137917094292935,0,TRUE
"14",990,FALSE,"LPP-G PSME",138,1.35,0.5101,0.981,0.826,0.1864,263,62,441,9,"LP","P","G","PSME",0.221378208232446,0.731478208232446,0.433989822059293,259.4,132.7,450,1381.75625641875,27.635125128375,2,325,19.0769230769231,71.2932485778144,28.7067514221856,0.287067514221856,0.190769230769231,TRUE
"3",991,FALSE,"LPG-P PIRA",53,1.56,0.2466,0.916,0.711,0.1357,79,34,236,6,"LP","G","P","PIRA",0.174825879043601,0.421425879043601,0.708945170493108,259.4,132.7,242,743.077809007417,18.42341675225,2.47933884297521,113,30.0884955752212,21.2533399193645,78.7466600806355,0.787466600806355,0.300884955752212,TRUE
"6",992,FALSE,"LPG-P PIRA",85,1.96,0.262,0.5531,0.4437,0.1385,30,6,207,0,"LP","G","P","PIRA",0.172648974532342,0.434648974532342,0.658965551650159,259.4,132.7,207,635.607877952625,0,0,36,16.6666666666667,47.6755858127522,52.3244141872478,0.523244141872478,0.166666666666667,TRUE
"7",993,FALSE,"LPG-P PIRA",122,2.19,0.6192,1.5179,1.1498,0.26,275,179,444,11,"LP","G","P","PIRA",0.343237084710384,0.962437084710384,0.554323457219613,259.4,132.7,455,1397.10910371229,33.7762640457917,2.41758241758242,454,39.4273127753304,69.54774944461,30.45225055539,0.3045225055539,0.394273127753304,TRUE
"19",994,FALSE,"LPG-P PIRA",214,2.12,0.7336,1.0677,0.813,0.1536,147,43,401,6,"LP","G","P","PIRA",0.201720442804428,0.935320442804428,0.274973340791205,259.4,132.7,407,1249.72176969429,18.42341675225,1.47420147420147,190,22.6315789473684,92.0648330961747,7.93516690382528,0.0793516690382528,0.226315789473684,TRUE
"23",995,FALSE,"LPG-P PIRA",202,2.31,0.8622,2.52,1.887,0.2713,63,447,661,72,"LP","G","P","PIRA",0.362308426073132,1.22450842607313,0.42021390173177,259.4,132.7,733,2250.72741323321,221.081001027,9.82264665757162,510,87.6470588235294,77.1607099898608,22.8392900101392,0.228392900101392,0.876470588235294,TRUE
"25",996,FALSE,"LPG-P PIRA",215,2.07,0.7252,1.4947,1.2385,0.2086,318,147,465,51,"LP","G","P","PIRA",0.251751651190957,0.976951651190957,0.347147891879422,259.4,132.7,516,1584.4138406935,156.599042394125,9.88372093023256,465,31.6129032258065,90.6491429640322,9.35085703596781,0.0935085703596781,0.316129032258065,TRUE
"30",997,FALSE,"LPG-P PIRA",230,1.92,0.4873,0.5555,0.369,0.0734,161,299,323,34,"LP","G","P","PIRA",0.11049783197832,0.59779783197832,0.226755247236445,259.4,132.7,357,1096.19329675888,104.399361596083,9.52380952380952,460,65,96.5694759617061,3.43052403829387,0.0343052403829387,0.65,TRUE
"32",998,FALSE,"LPG-P PIRA",205,1.51,0.2928,0.6877,0.518,0.0496,166,61,234,5,"LP","G","P","PIRA",0.0658492664092664,0.358649266409266,0.224895035550773,259.4,132.7,239,733.866100631292,15.3528472935417,2.09205020920502,227,26.8722466960352,98.1392970175695,1.86070298243045,0.0186070298243045,0.268722466960352,TRUE
"18",999,FALSE,"LPG-P PIRA",160,2.3,0.8836,1.8105,1.408,0.3018,65,440,538,20,"LP","G","P","PIRA",0.388074502840909,1.27167450284091,0.439197038072554,259.4,132.7,558,1713.37775795925,61.4113891741667,3.584229390681,505,87.1287128712871,80.7682269762898,19.2317730237102,0.192317730237102,0.871287128712871,TRUE
"15",1000,FALSE,"LPG-P PIRA",99,2.15,0.5853,0.745,0.6426,0.2057,39,45,339,4,"LP","G","P","PIRA",0.238478835978836,0.823778835978836,0.407447182605221,259.4,132.7,343,1053.20532433696,12.2822778348333,1.16618075801749,84,53.5714285714286,71.2932485778144,28.7067514221856,0.287067514221856,0.535714285714286,TRUE
"36",1001,FALSE,"LPG-P PIRA",170,1.72,0.2341,0.5276,0.3731,0.0054,116,20,303,2,"LP","G","P","PIRA",0.0076361297239346,0.241736129723935,0.0326190932248381,259.4,132.7,305,936.523684906042,6.14113891741667,0.655737704918033,136,14.7058823529412,95.4524755549478,4.54752444505225,0.0454752444505225,0.147058823529412,TRUE
"38",1002,FALSE,"LPG-P PIRA",141,0.95,0.1337,0.506,0.3385,0.0196,59,0,48,0,"LP","G","P","PIRA",0.029298670605613,0.162998670605613,0.219137401687457,259.4,132.7,48,147.387334018,0,0,59,0,99.4308969425398,0.569103057460197,0.00569103057460197,0,TRUE
"42",1003,FALSE,"LPG-P PIRA",215,1.54,0.2634,0.188,0.103,0.0185,42,33,92,4,"LP","G","P","PIRA",0.0337669902912621,0.297166990291262,0.128196622214359,259.4,132.7,96,294.774668036,12.2822778348333,4.16666666666667,75,44,99.2414641472849,0.758535852715056,0.00758535852715056,0.44,TRUE
"44",1004,FALSE,"LPG-P PIRA",280,2.04,0.6605,0.899,0.7104,0.0872,269,82,355,5,"LP","G","P","PIRA",0.110350225225225,0.770850225225225,0.167070742203218,259.4,132.7,360,1105.405005135,15.3528472935417,1.38888888888889,351,23.3618233618234,98.6208290570707,1.37917094292935,0.0137917094292935,0.233618233618234,TRUE
"11",1005,FALSE,"LPG-P PIRA",135,1.96,0.4834,1.8116,1.6339,0.27,314,98,369,6,"LP","G","P","PIRA",0.299364710202583,0.782764710202583,0.619289843199385,259.4,132.7,375,1151.46354701563,18.42341675225,1.6,412,23.7864077669903,82.4903382043074,17.5096617956926,0.175096617956926,0.237864077669903,TRUE
"2",1006,FALSE,"LPG-P PICO",34,0.86,0.0684,0.3392,0.2573,0.0475,331,16,197,1,"LP","G","P","PICO",0.0626195102992616,0.131019510299262,0.915489916655871,259.4,132.7,198,607.972752824251,3.07056945870834,0.505050505050505,347,4.61095100864553,21.2533399193645,78.7466600806355,0.787466600806355,0.0461095100864553,TRUE
"5",1007,FALSE,"LPG-P PICO",35,1.04,0.1056,0.205,0.1301,0.0446,226,194,169,8,"LP","G","P","PICO",0.0702767102229055,0.175876710222905,0.66549914983812,259.4,132.7,177,543.490794191375,24.5645556696667,4.51977401129944,420,46.1904761904762,47.6755858127522,52.3244141872478,0.523244141872478,0.461904761904762,TRUE
"8",1008,FALSE,"LPG-P PICO",62,0.99,0.1094,0.5255,0.3677,0.1203,604,19,307,0,"LP","G","P","PICO",0.171927250475932,0.281327250475932,1.57154707930468,236.8,113.1,307,1009.66510209376,0,0,623,3.04975922953451,69.54774944461,30.45225055539,0.3045225055539,0.0304975922953451,TRUE
"10",1009,FALSE,"LPG-P PICO",93,1.1,0.2037,0.8129,0.7079,0.0687,442,443,340,53,"LP","G","P","PICO",0.0788899985873711,0.282589998587371,0.387285216432848,259.4,132.7,393,1206.73379727238,162.740181311542,13.4860050890585,885,50.0564971751412,82.4903382043074,17.5096617956926,0.175096617956926,0.500564971751412,TRUE
"13",1010,TRUE,"LPG-P PICO",NA,NA,0.1356,NA,NA,0.1113,80,357,172,74,"LP","G","P","PICO",NA,NA,NA,236.8,113.1,246,809.047606238,243.372044152894,30.0813008130081,437,81.6933638443936,71.2932485778144,28.7067514221856,0.287067514221856,0.816933638443936,FALSE
"16",1011,FALSE,"LPG-P PICO",151,1.87,0.5848,1.3305,1.05,0.1048,88,79,329,75,"LP","G","P","PICO",0.132796571428571,0.717596571428571,0.227080320500293,259.4,132.7,404,1240.51006131817,230.292709403125,18.5643564356436,167,47.3053892215569,80.7682269762898,19.2317730237102,0.192317730237102,0.473053892215569,TRUE
"21",1012,FALSE,"LPG-P PICO",77,1.07,0.1485,0.4564,0.3659,0.0273,206,332,168,21,"LP","G","P","PICO",0.0340522547144028,0.182552254714403,0.229308112554901,259.4,132.7,189,580.337627695875,64.481958632875,11.1111111111111,538,61.7100371747212,92.0648330961747,7.93516690382528,0.0793516690382528,0.617100371747212,TRUE
"24",1013,FALSE,"LPG-P PICO",61,1.09,0.1409,0.133,0.0557,0.0202,3,581,151,36,"LP","G","P","PICO",0.0482333931777379,0.189133393177738,0.342323585363647,259.4,132.7,187,574.196488778459,110.5405005135,19.2513368983957,584,99.486301369863,77.1607099898608,22.8392900101392,0.228392900101392,0.99486301369863,TRUE
"26",1014,FALSE,"LPG-P PICO",115,1.2,0.2493,0.3411,0.2188,0.032,3,326,293,56,"LP","G","P","PICO",0.0498866544789762,0.299186654478976,0.200106917284301,259.4,132.7,349,1071.62874108921,171.951889687667,16.0458452722063,329,99.0881458966565,90.6491429640322,9.35085703596781,0.0935085703596781,0.990881458966565,TRUE
"29",1015,FALSE,"LPG-P PICO",91,0.89,0.1133,0.3341,0.2509,0.0198,435,37,198,2,"LP","G","P","PICO",0.0263658031088083,0.139665803108808,0.232707882690276,259.4,132.7,200,614.113891741667,6.14113891741667,1,472,7.83898305084746,96.5694759617061,3.43052403829387,0.0343052403829387,0.0783898305084746,TRUE
"31",1016,FALSE,"LPG-P PICO",33,0.7,0.0158,0.0649,0.0474,0.0043,138,10,65,0,"LP","G","P","PICO",0.00588755274261603,0.021687552742616,0.372629920418736,259.4,132.7,65,199.587014816042,0,0,148,6.75675675675676,98.1392970175695,1.86070298243045,0.0186070298243045,0.0675675675675676,TRUE
"35",1017,FALSE,"LPG-P PICO",100,1.15,0.1055,0.087,0.0456,0.0151,122,208,130,16,"LP","G","P","PICO",0.0288092105263158,0.134309210526316,0.273073085557496,259.4,132.7,146,448.303140971417,49.1291113393334,10.958904109589,330,63.030303030303,95.4524755549478,4.54752444505225,0.0454752444505225,0.63030303030303,TRUE
"37",1018,FALSE,"LPG-P PICO",109,0.77,0.046,0.0168,0.0065,0.0053,155,23,95,1,"LP","G","P","PICO",0.0136984615384615,0.0596984615384615,0.297792642140468,236.8,113.1,96,315.725895117268,3.28881140747154,1.04166666666667,178,12.9213483146067,99.4308969425398,0.569103057460197,0.00569103057460197,0.129213483146067,TRUE
"41",1019,FALSE,"LPG-P PICO",105,0.91,0.1102,0.0665,0.0241,0.0059,252,5,130,1,"LP","G","P","PICO",0.0162800829875519,0.126480082987552,0.147732150522249,259.4,132.7,131,402.244599090792,3.07056945870834,0.763358778625954,257,1.94552529182879,99.2414641472849,0.758535852715056,0.00758535852715056,0.0194552529182879,TRUE
"43",1020,FALSE,"LPG-P PICO",56,0.64,0.0302,0.0397,0.0281,0.005,96,27,63,1,"LP","G","P","PICO",0.00706405693950178,0.0372640569395018,0.233909170182178,236.8,113.1,64,210.483930078179,3.28881140747154,1.5625,123,21.9512195121951,98.6208290570707,1.37917094292935,0.0137917094292935,0.219512195121951,TRUE
"1",1021,FALSE,"LPG-P PSME",42,1.2,0.147,0.276,0.2421,0.0732,55,1,72,0,"LP","G","P","PSME",0.0834498141263941,0.230449814126394,0.567685810383633,259.4,132.7,72,221.081001027,0,0,56,1.78571428571429,21.2533399193645,78.7466600806355,0.787466600806355,0.0178571428571429,TRUE
"4",1022,FALSE,"LPG-P PSME",35,1.01,0.1275,0.2688,0.1416,0.0421,83,2,130,0,"LP","G","P","PSME",0.0799186440677966,0.207418644067797,0.626812894649385,259.4,132.7,130,399.174029632084,0,0,85,2.35294117647059,47.6755858127522,52.3244141872478,0.523244141872478,0.0235294117647059,TRUE
"9",1023,FALSE,"LPG-P PSME",71,1.36,0.2482,0.8364,0.7157,0.1377,197,2,281,0,"LP","G","P","PSME",0.160922565320665,0.409122565320665,0.648358442065532,259.4,132.7,281,862.830017897042,0,0,199,1.00502512562814,69.54774944461,30.45225055539,0.3045225055539,0.0100502512562814,TRUE
"12",1024,FALSE,"LPG-P PSME",82,1.34,0.1926,0.295,0.208,0.0917,124,0,205,0,"LP","G","P","PSME",0.130055288461538,0.322655288461538,0.675261103123253,259.4,132.7,205,629.466739035209,0,0,124,0,82.4903382043074,17.5096617956926,0.175096617956926,0,TRUE
"14",1025,FALSE,"LPG-P PSME",51,NA,0.1787,0.3974,0.2662,0.0932,163,0,206,0,"LP","G","P","PSME",0.139134785875282,0.317834785875282,0.778594213068169,259.4,132.7,206,632.537308493917,0,0,163,0,71.2932485778144,28.7067514221856,0.287067514221856,0,TRUE
"17",1026,FALSE,"LPG-P PSME",60,1.22,0.2409,0.4921,0.4022,0.0595,157,34,137,3,"LP","G","P","PSME",0.0727994778717056,0.313699477871706,0.302197915615216,259.4,132.7,140,429.879724219167,9.21170837612501,2.14285714285714,191,17.8010471204188,80.7682269762898,19.2317730237102,0.192317730237102,0.178010471204188,TRUE
"20",1027,FALSE,"LPG-P PSME",103,1.08,0.182,0.2455,0.1613,0.0453,147,7,167,0,"LP","G","P","PSME",0.0689469931804092,0.250946993180409,0.378829632859391,259.4,132.7,167,512.785099604292,0,0,154,4.54545454545455,92.0648330961747,7.93516690382528,0.0793516690382528,0.0454545454545455,TRUE
"22",1028,FALSE,"LPG-P PSME",79,0.86,0.1617,0.582,0.4504,0.091,134,3,165,0,"LP","G","P","PSME",0.117588809946714,0.279288809946714,0.727203524716846,236.8,113.1,165,542.653882232805,0,0,137,2.18978102189781,77.1607099898608,22.8392900101392,0.228392900101392,0.0218978102189781,TRUE
"27",1029,FALSE,"LPG-P PSME",77,1.08,0.2015,0.328,0.1904,0.0585,89,1,156,0,"LP","G","P","PSME",0.10077731092437,0.30227731092437,0.500135538086202,259.4,132.7,156,479.0088355585,0,0,90,1.11111111111111,90.6491429640322,9.35085703596781,0.0935085703596781,0.0111111111111111,TRUE
"28",1030,FALSE,"LPG-P PSME",137,1.3,0.2088,0.6111,0.4712,0.0624,174,75,172,2,"LP","G","P","PSME",0.0809266553480475,0.289726655348048,0.387579766992565,259.4,132.7,174,534.27908581525,6.14113891741667,1.14942528735632,249,30.1204819277108,96.5694759617061,3.43052403829387,0.0343052403829387,0.301204819277108,TRUE
"33",1031,TRUE,"LPG-P PSME",NA,NA,0.1477,NA,NA,0.1198,172,13,233,0,"LP","G","P","PSME",NA,NA,NA,259.4,132.7,233,715.442683879042,0,0,185,7.02702702702703,98.1392970175695,1.86070298243045,0.0186070298243045,0.0702702702702703,FALSE
"34",1032,FALSE,"LPG-P PSME",112,1.39,0.2367,0.5967,0.4428,0.0764,363,1,245,0,"LP","G","P","PSME",0.102953658536585,0.339653658536585,0.43495419745072,259.4,132.7,245,752.289517383542,0,0,364,0.274725274725275,95.4524755549478,4.54752444505225,0.0454752444505225,0.00274725274725275,TRUE
"39",1033,FALSE,"LPG-P PSME",176,1.07,0.137,0.0932,0.0434,0.0146,65,1,NA,NA,"LP","G","P","PSME",0.0313529953917051,0.168352995391705,0.228853980961351,259.4,132.7,NA,NA,NA,NA,66,1.51515151515152,99.4308969425398,0.569103057460197,0.00569103057460197,0.0151515151515152,TRUE
"40",1034,FALSE,"LPG-P PSME",148,0.79,0.0882,0.103,0.0657,0.0142,50,2,85,0,"LP","G","P","PSME",0.022261796042618,0.110461796042618,0.252401315675941,236.8,113.1,85,279.548969635081,0,0,52,3.84615384615385,99.2414641472849,0.758535852715056,0.00758535852715056,0.0384615384615385,TRUE
"45",1035,FALSE,"LPG-P PSME",94,1.05,0.0964,0.031,0.0142,0.0043,26,0,28,0,"LP","G","P","PSME",0.00938732394366197,0.105787323943662,0.0973788790836304,259.4,132.7,28,85.9759448438334,0,0,26,0,98.6208290570707,1.37917094292935,0.0137917094292935,0,TRUE
"3",1036,FALSE,"LPG-G PIRA",104,2.3,0.7171,1.741,1.474,0.3448,108,63,345,9,"LP","G","G","PIRA",0.407256987788331,1.12435698778833,0.567922169555614,259.4,132.7,354,1086.98158838275,27.635125128375,2.54237288135593,171,36.8421052631579,21.2533399193645,78.7466600806355,0.787466600806355,0.368421052631579,TRUE
"7",1037,FALSE,"LPG-G PIRA",119,2.38,0.8223,2.3349,2.1131,0.3301,123,242,512,24,"LP","G","G","PIRA",0.364748705693058,1.18704870569306,0.443571331257519,259.4,132.7,536,1645.82522986767,73.6936670090001,4.47761194029851,365,66.3013698630137,69.54774944461,30.45225055539,0.3045225055539,0.663013698630137,TRUE
"11",1038,FALSE,"LPG-G PIRA",136,2.72,0.6548,1.0614,0.9032,0.1523,8,362,219,22,"LP","G","G","PIRA",0.178976107174491,0.833776107174491,0.273329424518159,259.4,132.7,241,740.007239548709,67.5525280915834,9.12863070539419,370,97.8378378378378,82.4903382043074,17.5096617956926,0.175096617956926,0.978378378378378,TRUE
"15",1039,FALSE,"LPG-G PIRA",103,2.46,0.7758,2.0752,1.783,0.4119,139,316,518,26,"LP","G","G","PIRA",0.47940262478968,1.25520262478968,0.617946152087755,259.4,132.7,544,1670.38978553733,79.8348059264167,4.77941176470588,455,69.4505494505494,71.2932485778144,28.7067514221856,0.287067514221856,0.694505494505494,TRUE
"18",1040,FALSE,"LPG-G PIRA",283,4.15,3.2735,8.324,7.811,1.1887,2,2875,1739,216,"LP","G","G","PIRA",1.26676978619895,4.54026978619895,0.386977176171972,259.4,132.7,1955,6002.9632917748,663.243003081,11.0485933503836,2877,99.930483142162,80.7682269762898,19.2317730237102,0.192317730237102,0.99930483142162,TRUE
"19",1041,FALSE,"LPG-G PIRA",315,2.75,1.4695,2.9512,2.5686,0.243,15,924,49.5,93,"LP","G","G","PIRA",0.279195515066573,1.74869551506657,0.189993545468917,259.4,132.7,142.5,437.556147865938,285.562959659875,65.2631578947368,939,98.4025559105431,92.0648330961747,7.93516690382528,0.0793516690382528,0.984025559105431,TRUE
"23",1042,FALSE,"LPG-G PIRA",306,2.78,1.4908,3.5444,3.2184,0.4857,1,1490,823,222,"LP","G","G","PIRA",0.534897800149142,2.02569780014914,0.358799168331864,259.4,132.7,1045,3208.74508435021,681.666419833251,21.244019138756,1491,99.9329309188464,77.1607099898608,22.8392900101392,0.228392900101392,0.999329309188464,TRUE
"25",1043,FALSE,"LPG-G PIRA",207,2.43,0.843,1.7509,1.5696,0.2646,340,350,556,40,"LP","G","G","PIRA",0.295163188073394,1.13816318807339,0.350134268177218,259.4,132.7,596,1830.05939739017,122.822778348333,6.71140939597315,690,50.7246376811594,90.6491429640322,9.35085703596781,0.0935085703596781,0.507246376811594,TRUE
"30",1044,FALSE,"LPG-G PIRA",173,2.08,0.5343,0.771,0.502,0.1051,486,65,329,2,"LP","G","G","PIRA",0.161418525896414,0.695718525896414,0.302112157769819,259.4,132.7,331,1016.35849083246,6.14113891741667,0.604229607250755,551,11.7967332123412,96.5694759617061,3.43052403829387,0.0343052403829387,0.117967332123412,TRUE
"32",1045,TRUE,"LPG-G PIRA",NA,NA,0.2101,0.4168,0.3192,0.033,51,129,147,15,"LP","G","G","PIRA",0.0430902255639098,0.25319022556391,0.205093886548833,259.4,132.7,162,497.43225231075,46.058541880625,9.25925925925926,180,71.6666666666667,98.1392970175695,1.86070298243045,0.0186070298243045,0.716666666666667,TRUE
"36",1046,FALSE,"LPG-G PIRA",330,2.38,0.8043,0.4168,0.3192,0.0833,7,510,321,42,"LP","G","G","PIRA",0.108770175438596,0.913070175438596,0.135235826729574,259.4,132.7,363,1114.61671351113,128.96391726575,11.5702479338843,517,98.6460348162476,95.4524755549478,4.54752444505225,0.0454752444505225,0.986460348162476,TRUE
"38",1047,TRUE,"LPG-G PIRA",NA,NA,0.1075,NA,NA,0.1069,NA,NA,NA,NA,"LP","G","G","PIRA",NA,NA,NA,259.4,132.7,NA,NA,NA,NA,NA,NA,99.4308969425398,0.569103057460197,0.00569103057460197,NA,FALSE
"42",1048,FALSE,"LPG-G PIRA",290,1.57,0.3562,1.1742,0.8335,0.0235,40,63,102,4,"LP","G","G","PIRA",0.0331058188362328,0.389305818836233,0.0929416587204737,259.4,132.7,106,325.480362623084,12.2822778348333,3.77358490566038,103,61.1650485436893,99.2414641472849,0.758535852715056,0.00758535852715056,0.611650485436893,TRUE
"44",1049,FALSE,"LPG-G PIRA",125,0.57,0.0512,0.0422,0.0236,0.0087,3,1,31,0,"LP","G","G","PIRA",0.0155567796610169,0.066756779661017,0.303843352754237,259.4,132.7,31,95.1876532199584,0,0,4,25,98.6208290570707,1.37917094292935,0.0137917094292935,0.25,TRUE
"6",1050,FALSE,"LPG-G PIRA",70,2.45,0.59,1.481,1.094,0.2696,126,184,513,21,"LP","G","G","PIRA",0.364970383912249,0.954970383912249,0.61859387103771,259.4,132.7,534,1639.68409095025,64.481958632875,3.93258426966292,310,59.3548387096774,47.6755858127522,52.3244141872478,0.523244141872478,0.593548387096774,TRUE
"2",1051,FALSE,"LPG-G PICO",40,1.12,0.1389,0.4438,0.3588,0.0705,476,32,273,0,"LP","G","G","PICO",0.0872015050167224,0.226101505016722,0.627800612071435,259.4,132.7,273,838.265462227376,0,0,508,6.2992125984252,21.2533399193645,78.7466600806355,0.787466600806355,0.062992125984252,TRUE
"8",1052,TRUE,"LPG-G PICO",NA,NA,0.2191,NA,NA,0.1629,85,714,254,114,"LP","G","G","PICO",NA,NA,NA,236.8,113.1,368,1210.28259794953,374.924500451756,30.9782608695652,799,89.3617021276596,69.54774944461,30.45225055539,0.3045225055539,0.893617021276596,FALSE
"10",1053,FALSE,"LPG-G PICO",136,1.36,0.3092,0.7811,0.599,0.0687,583,119,401,7,"LP","G","G","PICO",0.0895852587646077,0.398785258764608,0.289732402214126,259.4,132.7,408,1252.792339153,21.4939862109584,1.7156862745098,702,16.951566951567,82.4903382043074,17.5096617956926,0.175096617956926,0.16951566951567,TRUE
"13",1054,TRUE,"LPG-G PICO",NA,NA,NA,NA,NA,0.0312999999999999,588,2,301,2,"LP","G","G","PICO",NA,NA,NA,236.8,113.1,303,996.509856463878,6.57762281494309,0.66006600660066,590,0.338983050847458,71.2932485778144,28.7067514221856,0.287067514221856,0.00338983050847458,FALSE
"16",1055,FALSE,"LPG-G PICO",82,1.47,0.1857,0.4789,0.3621,0.0441,343,149,274,8,"LP","G","G","PICO",0.0583250207125104,0.24402502071251,0.31408196398767,259.4,132.7,282,865.900587355751,24.5645556696667,2.83687943262411,492,30.2845528455285,80.7682269762898,19.2317730237102,0.192317730237102,0.302845528455285,TRUE
"21",1056,FALSE,"LPG-G PICO",114,1.1,0.2209,0.275,0.153,0.0384,279,26,236,1,"LP","G","G","PICO",0.0690196078431373,0.289919607843137,0.312447296709539,259.4,132.7,237,727.724961713876,3.07056945870834,0.421940928270042,305,8.52459016393443,92.0648330961747,7.93516690382528,0.0793516690382528,0.0852459016393443,TRUE
"24",1057,FALSE,"LPG-G PICO",110,2.13,0.55,0.721,0.562,0.1199,34,1228,437,69,"LP","G","G","PICO",0.153821886120996,0.703821886120996,0.27967615658363,259.4,132.7,506,1553.70814610642,211.869292650875,13.6363636363636,1262,97.3058637083994,77.1607099898608,22.8392900101392,0.228392900101392,0.973058637083994,TRUE
"26",1058,FALSE,"LPG-G PICO",181,1.44,0.341,1.1377,0.8934,0.0742,19,914,396,83,"LP","G","G","PICO",0.0944899708976942,0.435489970897694,0.277096688849543,259.4,132.7,479,1470.80277072129,254.857265072792,17.3277661795407,933,97.9635584137192,90.6491429640322,9.35085703596781,0.0935085703596781,0.979635584137192,TRUE
"29",1059,FALSE,"LPG-G PICO",110,1.09,0.0915,0.3311,0.2901,0.0188,438,6,228,0,"LP","G","G","PICO",0.021457014822475,0.112957014822475,0.2345028942347,259.4,132.7,228,700.089836585501,0,0,444,1.35135135135135,96.5694759617061,3.43052403829387,0.0343052403829387,0.0135135135135135,TRUE
"31",1060,FALSE,"LPG-G PICO",189,1.04,0.1282,0.0974,0.0704,0.011,12,209,96,19,"LP","G","G","PICO",0.01521875,0.14341875,0.118710998439938,259.4,132.7,115,353.115487751459,58.3408197154584,16.5217391304348,221,94.5701357466063,98.1392970175695,1.86070298243045,0.0186070298243045,0.945701357466063,TRUE
"35",1061,FALSE,"LPG-G PICO",167,1.76,0.385,0.275,0.1813,0.0405,30,587,283,35,"LP","G","G","PICO",0.0614313292884722,0.446431329288472,0.159561894255772,259.4,132.7,318,976.441087869251,107.469931054792,11.0062893081761,617,95.1377633711507,95.4524755549478,4.54752444505225,0.0454752444505225,0.951377633711507,TRUE
"37",1062,FALSE,"LPG-G PICO",NA,NA,NA,NA,NA,NA,NA,NA,NA,NA,"LP","G","G","PICO",NA,NA,NA,236.8,113.1,NA,NA,NA,NA,NA,NA,99.4308969425398,0.569103057460197,0.00569103057460197,NA,FALSE
"41",1063,FALSE,"LPG-G PICO",155,0.9,0.0929,0.0266,0.0113,0.0045,75,31,73,3,"LP","G","G","PICO",0.0105929203539823,0.103492920353982,0.114024976899702,259.4,132.7,76,233.363278861834,9.21170837612501,3.94736842105263,106,29.2452830188679,99.2414641472849,0.758535852715056,0.00758535852715056,0.292452830188679,TRUE
"43",1064,FALSE,"LPG-G PICO",128,0.94,0.1105,0.092,0.0463,0.0089,166,58,92,3,"LP","G","G","PICO",0.0176846652267819,0.128184665226782,0.160042219246895,236.8,113.1,95,312.437083709797,9.86643422241463,3.15789473684211,224,25.8928571428571,98.6208290570707,1.37917094292935,0.0137917094292935,0.258928571428571,TRUE
"5",1065,FALSE,"LPG-G PICO",37,0.67,0.1661,0.46,0.353,0.087,469,111,345,15,"LP","G","G","PICO",0.113371104815864,0.279471104815864,0.682547289680096,259.4,132.7,360,1105.405005135,46.058541880625,4.16666666666667,580,19.1379310344828,47.6755858127522,52.3244141872478,0.523244141872478,0.191379310344828,TRUE
"1",1066,FALSE,"LPG-G PSME",57,1.98,0.2002,0.6398,0.4928,0.1244,134,29,255,2,"LP","G","G","PSME",0.161507954545455,0.361707954545455,0.806733039687585,259.4,132.7,257,789.136350888042,6.14113891741667,0.778210116731518,163,17.7914110429448,21.2533399193645,78.7466600806355,0.787466600806355,0.177914110429448,TRUE
"4",1067,FALSE,"LPG-G PSME",47,1.37,0.2389,0.3028,0.226,0.0624,54,22,111,0,"LP","G","G","PSME",0.0836049557522124,0.322504955752212,0.349957956267109,259.4,132.7,111,340.833209916625,0,0,76,28.9473684210526,47.6755858127522,52.3244141872478,0.523244141872478,0.289473684210526,TRUE
"9",1068,FALSE,"LPG-G PSME",72,1.27,0.1937,0.6272,0.5006,0.088,162,8,226,0,"LP","G","G","PSME",0.110254894127048,0.303954894127048,0.569204409535609,259.4,132.7,226,693.948697668084,0,0,170,4.70588235294118,69.54774944461,30.45225055539,0.3045225055539,0.0470588235294118,TRUE
"12",1069,FALSE,"LPG-G PSME",92,1.6,0.3275,0.497,0.3892,0.1346,140,2,226,0,"LP","G","G","PSME",0.171881294964029,0.499381294964029,0.524828381569554,259.4,132.7,226,693.948697668084,0,0,142,1.40845070422535,82.4903382043074,17.5096617956926,0.175096617956926,0.0140845070422535,TRUE
"17",1070,FALSE,"LPG-G PSME",68,1.4,0.2204,0.307,0.26,0.0451,85,4,88,0,"LP","G","G","PSME",0.0532526923076923,0.273652692307692,0.241618386151054,259.4,132.7,88,270.210112366334,0,0,89,4.49438202247191,80.7682269762898,19.2317730237102,0.192317730237102,0.0449438202247191,TRUE
"20",1071,FALSE,"LPG-G PSME",NA,NA,NA,NA,NA,NA,NA,NA,NA,NA,"LP","G","G","PSME",NA,NA,NA,259.4,132.7,NA,NA,NA,NA,NA,NA,92.0648330961747,7.93516690382528,0.0793516690382528,NA,FALSE
"22",1072,FALSE,"LPG-G PSME",70,1.12,0.1306,0.3456,0.2567,0.0494,110,1,122,0,"LP","G","G","PSME",0.0665081417997663,0.197108141799766,0.509250702907858,236.8,113.1,122,401.234991711528,0,0,111,0.900900900900901,77.1607099898608,22.8392900101392,0.228392900101392,0.00900900900900901,TRUE
"27",1073,FALSE,"LPG-G PSME",82,1.12,0.1463,NA,NA,NA,NA,NA,NA,NA,"LP","G","G","PSME",NA,NA,NA,259.4,132.7,NA,NA,NA,NA,NA,NA,90.6491429640322,9.35085703596781,0.0935085703596781,NA,FALSE
"28",1074,FALSE,"LPG-G PSME",62,0.58,0.0538,0.0165,0.0072,0.0027,14,2,21,0,"LP","G","G","PSME",0.0061875,0.0599875,0.115009293680297,259.4,132.7,21,64.481958632875,0,0,16,12.5,96.5694759617061,3.43052403829387,0.0343052403829387,0.125,TRUE
"33",1075,FALSE,"LPG-G PSME",NA,NA,NA,NA,NA,NA,NA,NA,NA,NA,"LP","G","G","PSME",NA,NA,NA,259.4,132.7,NA,NA,NA,NA,NA,NA,98.1392970175695,1.86070298243045,0.0186070298243045,NA,FALSE
"34",1076,FALSE,"LPG-G PSME",132,1.63,0.2708,0.615,0.4355,0.00671,335,6,303,0,"LP","G","G","PSME",0.00947566016073479,0.280275660160735,0.0349913595300398,259.4,132.7,303,930.382545988626,0,0,341,1.75953079178886,95.4524755549478,4.54752444505225,0.0454752444505225,0.0175953079178886,TRUE
"39",1077,FALSE,"LPG-G PSME",181,1.03,0.1198,0.043,0.0195,0.0069,40,1,65,0,"LP","G","G","PSME",0.0152153846153846,0.135015384615385,0.127006549377167,259.4,132.7,65,199.587014816042,0,0,41,2.4390243902439,99.4308969425398,0.569103057460197,0.00569103057460197,0.024390243902439,TRUE
"40",1078,FALSE,"LPG-G PSME",119,0.8,0.0663,0.0274,0.0188,0.0072,36,2,46,0,"LP","G","G","PSME",0.0104936170212766,0.0767936170212766,0.158274766535092,236.8,113.1,46,151.285324743691,0,0,38,5.26315789473684,99.2414641472849,0.758535852715056,0.00758535852715056,0.0526315789473684,TRUE
"45",1079,FALSE,"LPG-G PSME",120,0.51,0.2257,0.2039,0.116,0.0362,174,0,157,0,"LP","G","G","PSME",0.0636308620689655,0.289330862068966,0.281926726047698,259.4,132.7,157,482.079405017209,0,0,174,0,98.6208290570707,1.37917094292935,0.0137917094292935,0,TRUE
"14",1080,FALSE,"LPG-G PSME",73,1.31,0.3413,2.2715,1.9975,0.22,118,244,424,12,"LP","G","G","PSME",0.250177722152691,0.591477722152691,0.733014128780225,259.4,132.7,436,1338.76828399683,36.8468335045,2.75229357798165,362,67.4033149171271,71.2932485778144,28.7067514221856,0.287067514221856,0.674033149171271,TRUE
